"","so_uri","date","variable_uri","value","so_name","rdf_type","experiment_uri"
"1","sixtine:set/experiments#resintbio/so-Placette/B_Fer-RIB-INT-1-PL1","2019-08-27","sixtine:set/variables#variable.abondance-araignees",2,"B_Fer-RIB-INT-1-PL1","vocabulary:SubPlot","sixtine:set/experiments#resintbio"
"2","sixtine:set/experiments#resintbio/so-Placette/B_Fer-RIB-INT-1-PL1","2019-09-24","sixtine:set/variables#variable.richesse-specifique-araignees",3,"B_Fer-RIB-INT-1-PL1","vocabulary:SubPlot","sixtine:set/experiments#resintbio"
"3","sixtine:set/experiments#resintbio/so-Placette/B_Fer-RIB-INT-1-PL1","2019-07-17","sixtine:set/variables#variable.abondance-araignees",11,"B_Fer-RIB-INT-1-PL1","vocabulary:SubPlot","sixtine:set/experiments#resintbio"
"4","sixtine:set/experiments#resintbio/so-Placette/B_Fer-RIB-INT-1-PL1","2019-09-24","sixtine:set/variables#variable.abondance-araignees",6,"B_Fer-RIB-INT-1-PL1","vocabulary:SubPlot","sixtine:set/experiments#resintbio"
"5","sixtine:set/experiments#resintbio/so-Placette/B_Fer-RIB-INT-1-PL1","2019-06-17","sixtine:set/variables#variable.abondance-araignees",1,"B_Fer-RIB-INT-1-PL1","vocabulary:SubPlot","sixtine:set/experiments#resintbio"
"6","sixtine:set/experiments#resintbio/so-Placette/B_Fer-RIB-INT-1-PL1","2019-06-19","sixtine:set/variables#variable.richesse-specifique-araignees",5,"B_Fer-RIB-INT-1-PL1","vocabulary:SubPlot","sixtine:set/experiments#resintbio"
"7","sixtine:set/experiments#resintbio/so-Placette/B_Fer-RIB-INT-1-PL1","2019-08-27","sixtine:set/variables#variable.richesse-specifique-araignees",2,"B_Fer-RIB-INT-1-PL1","vocabulary:SubPlot","sixtine:set/experiments#resintbio"
"8","sixtine:set/experiments#resintbio/so-Placette/B_Fer-RIB-INT-1-PL1","2019-06-17","sixtine:set/variables#variable.richesse-specifique-araignees",1,"B_Fer-RIB-INT-1-PL1","vocabulary:SubPlot","sixtine:set/experiments#resintbio"
"9","sixtine:set/experiments#resintbio/so-Placette/B_Fer-RIB-INT-1-PL1","2019-07-10","sixtine:set/variables#variable.richesse-specifique-araignees",4,"B_Fer-RIB-INT-1-PL1","vocabulary:SubPlot","sixtine:set/experiments#resintbio"
"10","sixtine:set/experiments#resintbio/so-Placette/B_Fer-RIB-INT-1-PL1","2019-07-10","sixtine:set/variables#variable.abondance-araignees",4,"B_Fer-RIB-INT-1-PL1","vocabulary:SubPlot","sixtine:set/experiments#resintbio"
"11","sixtine:set/experiments#resintbio/so-Placette/B_Fer-RIB-INT-1-PL1","2019-06-19","sixtine:set/variables#variable.abondance-araignees",8,"B_Fer-RIB-INT-1-PL1","vocabulary:SubPlot","sixtine:set/experiments#resintbio"
"12","sixtine:set/experiments#resintbio/so-Placette/B_Fer-RIB-INT-1-PL1","2019-07-17","sixtine:set/variables#variable.richesse-specifique-araignees",8,"B_Fer-RIB-INT-1-PL1","vocabulary:SubPlot","sixtine:set/experiments#resintbio"
"13","sixtine:set/experiments#resintbio/so-Placette/B_Fer-RIB-INT-1-PL2","2019-07-17","sixtine:set/variables#variable.abondance-araignees",9,"B_Fer-RIB-INT-1-PL2","vocabulary:SubPlot","sixtine:set/experiments#resintbio"
"14","sixtine:set/experiments#resintbio/so-Placette/B_Fer-RIB-INT-1-PL2","2019-07-10","sixtine:set/variables#variable.richesse-specifique-araignees",6,"B_Fer-RIB-INT-1-PL2","vocabulary:SubPlot","sixtine:set/experiments#resintbio"
"15","sixtine:set/experiments#resintbio/so-Placette/B_Fer-RIB-INT-1-PL2","2019-08-27","sixtine:set/variables#variable.richesse-specifique-araignees",1,"B_Fer-RIB-INT-1-PL2","vocabulary:SubPlot","sixtine:set/experiments#resintbio"
"16","sixtine:set/experiments#resintbio/so-Placette/B_Fer-RIB-INT-1-PL2","2019-06-17","sixtine:set/variables#variable.richesse-specifique-araignees",3,"B_Fer-RIB-INT-1-PL2","vocabulary:SubPlot","sixtine:set/experiments#resintbio"
"17","sixtine:set/experiments#resintbio/so-Placette/B_Fer-RIB-INT-1-PL2","2019-06-19","sixtine:set/variables#variable.richesse-specifique-araignees",6,"B_Fer-RIB-INT-1-PL2","vocabulary:SubPlot","sixtine:set/experiments#resintbio"
"18","sixtine:set/experiments#resintbio/so-Placette/B_Fer-RIB-INT-1-PL2","2019-09-24","sixtine:set/variables#variable.richesse-specifique-araignees",4,"B_Fer-RIB-INT-1-PL2","vocabulary:SubPlot","sixtine:set/experiments#resintbio"
"19","sixtine:set/experiments#resintbio/so-Placette/B_Fer-RIB-INT-1-PL2","2019-06-19","sixtine:set/variables#variable.abondance-araignees",9,"B_Fer-RIB-INT-1-PL2","vocabulary:SubPlot","sixtine:set/experiments#resintbio"
"20","sixtine:set/experiments#resintbio/so-Placette/B_Fer-RIB-INT-1-PL2","2019-09-24","sixtine:set/variables#variable.abondance-araignees",7,"B_Fer-RIB-INT-1-PL2","vocabulary:SubPlot","sixtine:set/experiments#resintbio"
"21","sixtine:set/experiments#resintbio/so-Placette/B_Fer-RIB-INT-1-PL2","2019-06-17","sixtine:set/variables#variable.abondance-araignees",3,"B_Fer-RIB-INT-1-PL2","vocabulary:SubPlot","sixtine:set/experiments#resintbio"
"22","sixtine:set/experiments#resintbio/so-Placette/B_Fer-RIB-INT-1-PL2","2019-07-10","sixtine:set/variables#variable.abondance-araignees",9,"B_Fer-RIB-INT-1-PL2","vocabulary:SubPlot","sixtine:set/experiments#resintbio"
"23","sixtine:set/experiments#resintbio/so-Placette/B_Fer-RIB-INT-1-PL2","2019-07-17","sixtine:set/variables#variable.richesse-specifique-araignees",3,"B_Fer-RIB-INT-1-PL2","vocabulary:SubPlot","sixtine:set/experiments#resintbio"
"24","sixtine:set/experiments#resintbio/so-Placette/B_Fer-RIB-INT-1-PL2","2019-08-27","sixtine:set/variables#variable.abondance-araignees",3,"B_Fer-RIB-INT-1-PL2","vocabulary:SubPlot","sixtine:set/experiments#resintbio"
"25","sixtine:set/experiments#resintbio/so-Placette/B_Fer-RIB-INT-1-PL3","2019-06-19","sixtine:set/variables#variable.richesse-specifique-araignees",1,"B_Fer-RIB-INT-1-PL3","vocabulary:SubPlot","sixtine:set/experiments#resintbio"
"26","sixtine:set/experiments#resintbio/so-Placette/B_Fer-RIB-INT-1-PL3","2019-07-17","sixtine:set/variables#variable.richesse-specifique-araignees",5,"B_Fer-RIB-INT-1-PL3","vocabulary:SubPlot","sixtine:set/experiments#resintbio"
"27","sixtine:set/experiments#resintbio/so-Placette/B_Fer-RIB-INT-1-PL3","2019-09-24","sixtine:set/variables#variable.abondance-araignees",3,"B_Fer-RIB-INT-1-PL3","vocabulary:SubPlot","sixtine:set/experiments#resintbio"
"28","sixtine:set/experiments#resintbio/so-Placette/B_Fer-RIB-INT-1-PL3","2019-06-19","sixtine:set/variables#variable.abondance-araignees",1,"B_Fer-RIB-INT-1-PL3","vocabulary:SubPlot","sixtine:set/experiments#resintbio"
"29","sixtine:set/experiments#resintbio/so-Placette/B_Fer-RIB-INT-1-PL3","2019-06-17","sixtine:set/variables#variable.richesse-specifique-araignees",0,"B_Fer-RIB-INT-1-PL3","vocabulary:SubPlot","sixtine:set/experiments#resintbio"
"30","sixtine:set/experiments#resintbio/so-Placette/B_Fer-RIB-INT-1-PL3","2019-07-17","sixtine:set/variables#variable.abondance-araignees",9,"B_Fer-RIB-INT-1-PL3","vocabulary:SubPlot","sixtine:set/experiments#resintbio"
"31","sixtine:set/experiments#resintbio/so-Placette/B_Fer-RIB-INT-1-PL3","2019-06-17","sixtine:set/variables#variable.abondance-araignees",0,"B_Fer-RIB-INT-1-PL3","vocabulary:SubPlot","sixtine:set/experiments#resintbio"
"32","sixtine:set/experiments#resintbio/so-Placette/B_Fer-RIB-INT-1-PL3","2019-09-24","sixtine:set/variables#variable.richesse-specifique-araignees",1,"B_Fer-RIB-INT-1-PL3","vocabulary:SubPlot","sixtine:set/experiments#resintbio"
"33","sixtine:set/experiments#resintbio/so-Placette/B_Fer-RIB-INT-1-PL3","2019-08-27","sixtine:set/variables#variable.richesse-specifique-araignees",2,"B_Fer-RIB-INT-1-PL3","vocabulary:SubPlot","sixtine:set/experiments#resintbio"
"34","sixtine:set/experiments#resintbio/so-Placette/B_Fer-RIB-INT-1-PL3","2019-07-10","sixtine:set/variables#variable.abondance-araignees",5,"B_Fer-RIB-INT-1-PL3","vocabulary:SubPlot","sixtine:set/experiments#resintbio"
"35","sixtine:set/experiments#resintbio/so-Placette/B_Fer-RIB-INT-1-PL3","2019-08-27","sixtine:set/variables#variable.abondance-araignees",3,"B_Fer-RIB-INT-1-PL3","vocabulary:SubPlot","sixtine:set/experiments#resintbio"
"36","sixtine:set/experiments#resintbio/so-Placette/B_Fer-RIB-INT-1-PL3","2019-07-10","sixtine:set/variables#variable.richesse-specifique-araignees",5,"B_Fer-RIB-INT-1-PL3","vocabulary:SubPlot","sixtine:set/experiments#resintbio"
"37","sixtine:set/experiments#resintbio/so-Placette/B_Fer-RIB-INT-1-PL4","2019-07-17","sixtine:set/variables#variable.abondance-araignees",15,"B_Fer-RIB-INT-1-PL4","vocabulary:SubPlot","sixtine:set/experiments#resintbio"
"38","sixtine:set/experiments#resintbio/so-Placette/B_Fer-RIB-INT-1-PL4","2019-09-24","sixtine:set/variables#variable.richesse-specifique-araignees",3,"B_Fer-RIB-INT-1-PL4","vocabulary:SubPlot","sixtine:set/experiments#resintbio"
"39","sixtine:set/experiments#resintbio/so-Placette/B_Fer-RIB-INT-1-PL4","2019-07-17","sixtine:set/variables#variable.richesse-specifique-araignees",2,"B_Fer-RIB-INT-1-PL4","vocabulary:SubPlot","sixtine:set/experiments#resintbio"
"40","sixtine:set/experiments#resintbio/so-Placette/B_Fer-RIB-INT-1-PL4","2019-06-19","sixtine:set/variables#variable.abondance-araignees",4,"B_Fer-RIB-INT-1-PL4","vocabulary:SubPlot","sixtine:set/experiments#resintbio"
"41","sixtine:set/experiments#resintbio/so-Placette/B_Fer-RIB-INT-1-PL4","2019-06-19","sixtine:set/variables#variable.richesse-specifique-araignees",2,"B_Fer-RIB-INT-1-PL4","vocabulary:SubPlot","sixtine:set/experiments#resintbio"
"42","sixtine:set/experiments#resintbio/so-Placette/B_Fer-RIB-INT-1-PL4","2019-06-17","sixtine:set/variables#variable.abondance-araignees",1,"B_Fer-RIB-INT-1-PL4","vocabulary:SubPlot","sixtine:set/experiments#resintbio"
"43","sixtine:set/experiments#resintbio/so-Placette/B_Fer-RIB-INT-1-PL4","2019-08-27","sixtine:set/variables#variable.abondance-araignees",1,"B_Fer-RIB-INT-1-PL4","vocabulary:SubPlot","sixtine:set/experiments#resintbio"
"44","sixtine:set/experiments#resintbio/so-Placette/B_Fer-RIB-INT-1-PL4","2019-06-17","sixtine:set/variables#variable.richesse-specifique-araignees",1,"B_Fer-RIB-INT-1-PL4","vocabulary:SubPlot","sixtine:set/experiments#resintbio"
"45","sixtine:set/experiments#resintbio/so-Placette/B_Fer-RIB-INT-1-PL4","2019-08-27","sixtine:set/variables#variable.richesse-specifique-araignees",1,"B_Fer-RIB-INT-1-PL4","vocabulary:SubPlot","sixtine:set/experiments#resintbio"
"46","sixtine:set/experiments#resintbio/so-Placette/B_Fer-RIB-INT-1-PL4","2019-09-24","sixtine:set/variables#variable.abondance-araignees",3,"B_Fer-RIB-INT-1-PL4","vocabulary:SubPlot","sixtine:set/experiments#resintbio"
"47","sixtine:set/experiments#resintbio/so-Placette/B_Fer-RIB-INT-1-PL4","2019-07-10","sixtine:set/variables#variable.abondance-araignees",12,"B_Fer-RIB-INT-1-PL4","vocabulary:SubPlot","sixtine:set/experiments#resintbio"
"48","sixtine:set/experiments#resintbio/so-Placette/B_Fer-RIB-INT-1-PL4","2019-07-10","sixtine:set/variables#variable.richesse-specifique-araignees",7,"B_Fer-RIB-INT-1-PL4","vocabulary:SubPlot","sixtine:set/experiments#resintbio"
"49","sixtine:set/experiments#resintbio/so-Placette/B_Fer-RIB-INT-1-PL5","2019-08-27","sixtine:set/variables#variable.abondance-araignees",1,"B_Fer-RIB-INT-1-PL5","vocabulary:SubPlot","sixtine:set/experiments#resintbio"
"50","sixtine:set/experiments#resintbio/so-Placette/B_Fer-RIB-INT-1-PL5","2019-09-24","sixtine:set/variables#variable.richesse-specifique-araignees",2,"B_Fer-RIB-INT-1-PL5","vocabulary:SubPlot","sixtine:set/experiments#resintbio"
"51","sixtine:set/experiments#resintbio/so-Placette/B_Fer-RIB-INT-1-PL5","2019-06-19","sixtine:set/variables#variable.abondance-araignees",3,"B_Fer-RIB-INT-1-PL5","vocabulary:SubPlot","sixtine:set/experiments#resintbio"
"52","sixtine:set/experiments#resintbio/so-Placette/B_Fer-RIB-INT-1-PL5","2019-07-17","sixtine:set/variables#variable.richesse-specifique-araignees",4,"B_Fer-RIB-INT-1-PL5","vocabulary:SubPlot","sixtine:set/experiments#resintbio"
"53","sixtine:set/experiments#resintbio/so-Placette/B_Fer-RIB-INT-1-PL5","2019-08-27","sixtine:set/variables#variable.richesse-specifique-araignees",1,"B_Fer-RIB-INT-1-PL5","vocabulary:SubPlot","sixtine:set/experiments#resintbio"
"54","sixtine:set/experiments#resintbio/so-Placette/B_Fer-RIB-INT-1-PL5","2019-06-17","sixtine:set/variables#variable.abondance-araignees",1,"B_Fer-RIB-INT-1-PL5","vocabulary:SubPlot","sixtine:set/experiments#resintbio"
"55","sixtine:set/experiments#resintbio/so-Placette/B_Fer-RIB-INT-1-PL5","2019-06-19","sixtine:set/variables#variable.richesse-specifique-araignees",3,"B_Fer-RIB-INT-1-PL5","vocabulary:SubPlot","sixtine:set/experiments#resintbio"
"56","sixtine:set/experiments#resintbio/so-Placette/B_Fer-RIB-INT-1-PL5","2019-09-24","sixtine:set/variables#variable.abondance-araignees",3,"B_Fer-RIB-INT-1-PL5","vocabulary:SubPlot","sixtine:set/experiments#resintbio"
"57","sixtine:set/experiments#resintbio/so-Placette/B_Fer-RIB-INT-1-PL5","2019-07-10","sixtine:set/variables#variable.abondance-araignees",1,"B_Fer-RIB-INT-1-PL5","vocabulary:SubPlot","sixtine:set/experiments#resintbio"
"58","sixtine:set/experiments#resintbio/so-Placette/B_Fer-RIB-INT-1-PL5","2019-07-10","sixtine:set/variables#variable.richesse-specifique-araignees",1,"B_Fer-RIB-INT-1-PL5","vocabulary:SubPlot","sixtine:set/experiments#resintbio"
"59","sixtine:set/experiments#resintbio/so-Placette/B_Fer-RIB-INT-1-PL5","2019-07-17","sixtine:set/variables#variable.abondance-araignees",6,"B_Fer-RIB-INT-1-PL5","vocabulary:SubPlot","sixtine:set/experiments#resintbio"
"60","sixtine:set/experiments#resintbio/so-Placette/B_Fer-RIB-INT-1-PL5","2019-06-17","sixtine:set/variables#variable.richesse-specifique-araignees",1,"B_Fer-RIB-INT-1-PL5","vocabulary:SubPlot","sixtine:set/experiments#resintbio"
"61","sixtine:set/experiments#resintbio/so-Placette/B_Fer-RIB-INT-2-PL1","2019-09-24","sixtine:set/variables#variable.abondance-araignees",3,"B_Fer-RIB-INT-2-PL1","vocabulary:SubPlot","sixtine:set/experiments#resintbio"
"62","sixtine:set/experiments#resintbio/so-Placette/B_Fer-RIB-INT-2-PL1","2019-07-10","sixtine:set/variables#variable.richesse-specifique-araignees",9,"B_Fer-RIB-INT-2-PL1","vocabulary:SubPlot","sixtine:set/experiments#resintbio"
"63","sixtine:set/experiments#resintbio/so-Placette/B_Fer-RIB-INT-2-PL1","2019-07-10","sixtine:set/variables#variable.abondance-araignees",18,"B_Fer-RIB-INT-2-PL1","vocabulary:SubPlot","sixtine:set/experiments#resintbio"
"64","sixtine:set/experiments#resintbio/so-Placette/B_Fer-RIB-INT-2-PL1","2019-06-19","sixtine:set/variables#variable.richesse-specifique-araignees",2,"B_Fer-RIB-INT-2-PL1","vocabulary:SubPlot","sixtine:set/experiments#resintbio"
"65","sixtine:set/experiments#resintbio/so-Placette/B_Fer-RIB-INT-2-PL1","2019-08-27","sixtine:set/variables#variable.abondance-araignees",2,"B_Fer-RIB-INT-2-PL1","vocabulary:SubPlot","sixtine:set/experiments#resintbio"
"66","sixtine:set/experiments#resintbio/so-Placette/B_Fer-RIB-INT-2-PL1","2019-06-17","sixtine:set/variables#variable.richesse-specifique-araignees",1,"B_Fer-RIB-INT-2-PL1","vocabulary:SubPlot","sixtine:set/experiments#resintbio"
"67","sixtine:set/experiments#resintbio/so-Placette/B_Fer-RIB-INT-2-PL1","2019-07-17","sixtine:set/variables#variable.richesse-specifique-araignees",3,"B_Fer-RIB-INT-2-PL1","vocabulary:SubPlot","sixtine:set/experiments#resintbio"
"68","sixtine:set/experiments#resintbio/so-Placette/B_Fer-RIB-INT-2-PL1","2019-06-17","sixtine:set/variables#variable.abondance-araignees",1,"B_Fer-RIB-INT-2-PL1","vocabulary:SubPlot","sixtine:set/experiments#resintbio"
"69","sixtine:set/experiments#resintbio/so-Placette/B_Fer-RIB-INT-2-PL1","2019-07-17","sixtine:set/variables#variable.abondance-araignees",4,"B_Fer-RIB-INT-2-PL1","vocabulary:SubPlot","sixtine:set/experiments#resintbio"
"70","sixtine:set/experiments#resintbio/so-Placette/B_Fer-RIB-INT-2-PL1","2019-08-27","sixtine:set/variables#variable.richesse-specifique-araignees",2,"B_Fer-RIB-INT-2-PL1","vocabulary:SubPlot","sixtine:set/experiments#resintbio"
"71","sixtine:set/experiments#resintbio/so-Placette/B_Fer-RIB-INT-2-PL1","2019-06-19","sixtine:set/variables#variable.abondance-araignees",2,"B_Fer-RIB-INT-2-PL1","vocabulary:SubPlot","sixtine:set/experiments#resintbio"
"72","sixtine:set/experiments#resintbio/so-Placette/B_Fer-RIB-INT-2-PL1","2019-09-24","sixtine:set/variables#variable.richesse-specifique-araignees",3,"B_Fer-RIB-INT-2-PL1","vocabulary:SubPlot","sixtine:set/experiments#resintbio"
"73","sixtine:set/experiments#resintbio/so-Placette/B_Fer-RIB-INT-2-PL2","2019-07-17","sixtine:set/variables#variable.abondance-araignees",7,"B_Fer-RIB-INT-2-PL2","vocabulary:SubPlot","sixtine:set/experiments#resintbio"
"74","sixtine:set/experiments#resintbio/so-Placette/B_Fer-RIB-INT-2-PL2","2019-07-10","sixtine:set/variables#variable.abondance-araignees",18,"B_Fer-RIB-INT-2-PL2","vocabulary:SubPlot","sixtine:set/experiments#resintbio"
"75","sixtine:set/experiments#resintbio/so-Placette/B_Fer-RIB-INT-2-PL2","2019-07-17","sixtine:set/variables#variable.richesse-specifique-araignees",3,"B_Fer-RIB-INT-2-PL2","vocabulary:SubPlot","sixtine:set/experiments#resintbio"
"76","sixtine:set/experiments#resintbio/so-Placette/B_Fer-RIB-INT-2-PL2","2019-09-24","sixtine:set/variables#variable.abondance-araignees",6,"B_Fer-RIB-INT-2-PL2","vocabulary:SubPlot","sixtine:set/experiments#resintbio"
"77","sixtine:set/experiments#resintbio/so-Placette/B_Fer-RIB-INT-2-PL2","2019-07-10","sixtine:set/variables#variable.richesse-specifique-araignees",6,"B_Fer-RIB-INT-2-PL2","vocabulary:SubPlot","sixtine:set/experiments#resintbio"
"78","sixtine:set/experiments#resintbio/so-Placette/B_Fer-RIB-INT-2-PL2","2019-06-19","sixtine:set/variables#variable.richesse-specifique-araignees",4,"B_Fer-RIB-INT-2-PL2","vocabulary:SubPlot","sixtine:set/experiments#resintbio"
"79","sixtine:set/experiments#resintbio/so-Placette/B_Fer-RIB-INT-2-PL2","2019-06-17","sixtine:set/variables#variable.richesse-specifique-araignees",1,"B_Fer-RIB-INT-2-PL2","vocabulary:SubPlot","sixtine:set/experiments#resintbio"
"80","sixtine:set/experiments#resintbio/so-Placette/B_Fer-RIB-INT-2-PL2","2019-09-24","sixtine:set/variables#variable.richesse-specifique-araignees",4,"B_Fer-RIB-INT-2-PL2","vocabulary:SubPlot","sixtine:set/experiments#resintbio"
"81","sixtine:set/experiments#resintbio/so-Placette/B_Fer-RIB-INT-2-PL2","2019-08-27","sixtine:set/variables#variable.richesse-specifique-araignees",0,"B_Fer-RIB-INT-2-PL2","vocabulary:SubPlot","sixtine:set/experiments#resintbio"
"82","sixtine:set/experiments#resintbio/so-Placette/B_Fer-RIB-INT-2-PL2","2019-08-27","sixtine:set/variables#variable.abondance-araignees",0,"B_Fer-RIB-INT-2-PL2","vocabulary:SubPlot","sixtine:set/experiments#resintbio"
"83","sixtine:set/experiments#resintbio/so-Placette/B_Fer-RIB-INT-2-PL2","2019-06-19","sixtine:set/variables#variable.abondance-araignees",7,"B_Fer-RIB-INT-2-PL2","vocabulary:SubPlot","sixtine:set/experiments#resintbio"
"84","sixtine:set/experiments#resintbio/so-Placette/B_Fer-RIB-INT-2-PL2","2019-06-17","sixtine:set/variables#variable.abondance-araignees",1,"B_Fer-RIB-INT-2-PL2","vocabulary:SubPlot","sixtine:set/experiments#resintbio"
"85","sixtine:set/experiments#resintbio/so-Placette/B_Fer-RIB-INT-2-PL3","2019-09-24","sixtine:set/variables#variable.abondance-araignees",7,"B_Fer-RIB-INT-2-PL3","vocabulary:SubPlot","sixtine:set/experiments#resintbio"
"86","sixtine:set/experiments#resintbio/so-Placette/B_Fer-RIB-INT-2-PL3","2019-09-24","sixtine:set/variables#variable.richesse-specifique-araignees",3,"B_Fer-RIB-INT-2-PL3","vocabulary:SubPlot","sixtine:set/experiments#resintbio"
"87","sixtine:set/experiments#resintbio/so-Placette/B_Fer-RIB-INT-2-PL3","2019-07-10","sixtine:set/variables#variable.abondance-araignees",11,"B_Fer-RIB-INT-2-PL3","vocabulary:SubPlot","sixtine:set/experiments#resintbio"
"88","sixtine:set/experiments#resintbio/so-Placette/B_Fer-RIB-INT-2-PL3","2019-07-17","sixtine:set/variables#variable.abondance-araignees",19,"B_Fer-RIB-INT-2-PL3","vocabulary:SubPlot","sixtine:set/experiments#resintbio"
"89","sixtine:set/experiments#resintbio/so-Placette/B_Fer-RIB-INT-2-PL3","2019-06-17","sixtine:set/variables#variable.abondance-araignees",0,"B_Fer-RIB-INT-2-PL3","vocabulary:SubPlot","sixtine:set/experiments#resintbio"
"90","sixtine:set/experiments#resintbio/so-Placette/B_Fer-RIB-INT-2-PL3","2019-06-19","sixtine:set/variables#variable.richesse-specifique-araignees",6,"B_Fer-RIB-INT-2-PL3","vocabulary:SubPlot","sixtine:set/experiments#resintbio"
"91","sixtine:set/experiments#resintbio/so-Placette/B_Fer-RIB-INT-2-PL3","2019-07-10","sixtine:set/variables#variable.richesse-specifique-araignees",10,"B_Fer-RIB-INT-2-PL3","vocabulary:SubPlot","sixtine:set/experiments#resintbio"
"92","sixtine:set/experiments#resintbio/so-Placette/B_Fer-RIB-INT-2-PL3","2019-06-19","sixtine:set/variables#variable.abondance-araignees",12,"B_Fer-RIB-INT-2-PL3","vocabulary:SubPlot","sixtine:set/experiments#resintbio"
"93","sixtine:set/experiments#resintbio/so-Placette/B_Fer-RIB-INT-2-PL3","2019-08-27","sixtine:set/variables#variable.abondance-araignees",4,"B_Fer-RIB-INT-2-PL3","vocabulary:SubPlot","sixtine:set/experiments#resintbio"
"94","sixtine:set/experiments#resintbio/so-Placette/B_Fer-RIB-INT-2-PL3","2019-07-17","sixtine:set/variables#variable.richesse-specifique-araignees",7,"B_Fer-RIB-INT-2-PL3","vocabulary:SubPlot","sixtine:set/experiments#resintbio"
"95","sixtine:set/experiments#resintbio/so-Placette/B_Fer-RIB-INT-2-PL3","2019-06-17","sixtine:set/variables#variable.richesse-specifique-araignees",0,"B_Fer-RIB-INT-2-PL3","vocabulary:SubPlot","sixtine:set/experiments#resintbio"
"96","sixtine:set/experiments#resintbio/so-Placette/B_Fer-RIB-INT-2-PL3","2019-08-27","sixtine:set/variables#variable.richesse-specifique-araignees",2,"B_Fer-RIB-INT-2-PL3","vocabulary:SubPlot","sixtine:set/experiments#resintbio"
"97","sixtine:set/experiments#resintbio/so-Placette/B_Fer-RIB-INT-2-PL4","2019-06-17","sixtine:set/variables#variable.abondance-araignees",1,"B_Fer-RIB-INT-2-PL4","vocabulary:SubPlot","sixtine:set/experiments#resintbio"
"98","sixtine:set/experiments#resintbio/so-Placette/B_Fer-RIB-INT-2-PL4","2019-07-10","sixtine:set/variables#variable.richesse-specifique-araignees",5,"B_Fer-RIB-INT-2-PL4","vocabulary:SubPlot","sixtine:set/experiments#resintbio"
"99","sixtine:set/experiments#resintbio/so-Placette/B_Fer-RIB-INT-2-PL4","2019-06-19","sixtine:set/variables#variable.abondance-araignees",7,"B_Fer-RIB-INT-2-PL4","vocabulary:SubPlot","sixtine:set/experiments#resintbio"
"100","sixtine:set/experiments#resintbio/so-Placette/B_Fer-RIB-INT-2-PL4","2019-06-19","sixtine:set/variables#variable.richesse-specifique-araignees",5,"B_Fer-RIB-INT-2-PL4","vocabulary:SubPlot","sixtine:set/experiments#resintbio"
"101","sixtine:set/experiments#resintbio/so-Placette/B_Fer-RIB-INT-2-PL4","2019-08-27","sixtine:set/variables#variable.abondance-araignees",3,"B_Fer-RIB-INT-2-PL4","vocabulary:SubPlot","sixtine:set/experiments#resintbio"
"102","sixtine:set/experiments#resintbio/so-Placette/B_Fer-RIB-INT-2-PL4","2019-06-17","sixtine:set/variables#variable.richesse-specifique-araignees",1,"B_Fer-RIB-INT-2-PL4","vocabulary:SubPlot","sixtine:set/experiments#resintbio"
"103","sixtine:set/experiments#resintbio/so-Placette/B_Fer-RIB-INT-2-PL4","2019-09-24","sixtine:set/variables#variable.richesse-specifique-araignees",3,"B_Fer-RIB-INT-2-PL4","vocabulary:SubPlot","sixtine:set/experiments#resintbio"
"104","sixtine:set/experiments#resintbio/so-Placette/B_Fer-RIB-INT-2-PL4","2019-07-17","sixtine:set/variables#variable.abondance-araignees",14,"B_Fer-RIB-INT-2-PL4","vocabulary:SubPlot","sixtine:set/experiments#resintbio"
"105","sixtine:set/experiments#resintbio/so-Placette/B_Fer-RIB-INT-2-PL4","2019-07-17","sixtine:set/variables#variable.richesse-specifique-araignees",6,"B_Fer-RIB-INT-2-PL4","vocabulary:SubPlot","sixtine:set/experiments#resintbio"
"106","sixtine:set/experiments#resintbio/so-Placette/B_Fer-RIB-INT-2-PL4","2019-09-24","sixtine:set/variables#variable.abondance-araignees",3,"B_Fer-RIB-INT-2-PL4","vocabulary:SubPlot","sixtine:set/experiments#resintbio"
"107","sixtine:set/experiments#resintbio/so-Placette/B_Fer-RIB-INT-2-PL4","2019-07-10","sixtine:set/variables#variable.abondance-araignees",10,"B_Fer-RIB-INT-2-PL4","vocabulary:SubPlot","sixtine:set/experiments#resintbio"
"108","sixtine:set/experiments#resintbio/so-Placette/B_Fer-RIB-INT-2-PL4","2019-08-27","sixtine:set/variables#variable.richesse-specifique-araignees",1,"B_Fer-RIB-INT-2-PL4","vocabulary:SubPlot","sixtine:set/experiments#resintbio"
"109","sixtine:set/experiments#resintbio/so-Placette/B_Fer-RIB-INT-2-PL5","2019-09-24","sixtine:set/variables#variable.richesse-specifique-araignees",3,"B_Fer-RIB-INT-2-PL5","vocabulary:SubPlot","sixtine:set/experiments#resintbio"
"110","sixtine:set/experiments#resintbio/so-Placette/B_Fer-RIB-INT-2-PL5","2019-08-27","sixtine:set/variables#variable.richesse-specifique-araignees",6,"B_Fer-RIB-INT-2-PL5","vocabulary:SubPlot","sixtine:set/experiments#resintbio"
"111","sixtine:set/experiments#resintbio/so-Placette/B_Fer-RIB-INT-2-PL5","2019-07-17","sixtine:set/variables#variable.abondance-araignees",5,"B_Fer-RIB-INT-2-PL5","vocabulary:SubPlot","sixtine:set/experiments#resintbio"
"112","sixtine:set/experiments#resintbio/so-Placette/B_Fer-RIB-INT-2-PL5","2019-06-19","sixtine:set/variables#variable.abondance-araignees",0,"B_Fer-RIB-INT-2-PL5","vocabulary:SubPlot","sixtine:set/experiments#resintbio"
"113","sixtine:set/experiments#resintbio/so-Placette/B_Fer-RIB-INT-2-PL5","2019-07-17","sixtine:set/variables#variable.richesse-specifique-araignees",3,"B_Fer-RIB-INT-2-PL5","vocabulary:SubPlot","sixtine:set/experiments#resintbio"
"114","sixtine:set/experiments#resintbio/so-Placette/B_Fer-RIB-INT-2-PL5","2019-08-27","sixtine:set/variables#variable.abondance-araignees",10,"B_Fer-RIB-INT-2-PL5","vocabulary:SubPlot","sixtine:set/experiments#resintbio"
"115","sixtine:set/experiments#resintbio/so-Placette/B_Fer-RIB-INT-2-PL5","2019-09-24","sixtine:set/variables#variable.abondance-araignees",4,"B_Fer-RIB-INT-2-PL5","vocabulary:SubPlot","sixtine:set/experiments#resintbio"
"116","sixtine:set/experiments#resintbio/so-Placette/B_Fer-RIB-INT-2-PL5","2019-07-10","sixtine:set/variables#variable.abondance-araignees",7,"B_Fer-RIB-INT-2-PL5","vocabulary:SubPlot","sixtine:set/experiments#resintbio"
"117","sixtine:set/experiments#resintbio/so-Placette/B_Fer-RIB-INT-2-PL5","2019-07-10","sixtine:set/variables#variable.richesse-specifique-araignees",6,"B_Fer-RIB-INT-2-PL5","vocabulary:SubPlot","sixtine:set/experiments#resintbio"
"118","sixtine:set/experiments#resintbio/so-Placette/B_Fer-RIB-INT-2-PL5","2019-06-17","sixtine:set/variables#variable.abondance-araignees",2,"B_Fer-RIB-INT-2-PL5","vocabulary:SubPlot","sixtine:set/experiments#resintbio"
"119","sixtine:set/experiments#resintbio/so-Placette/B_Fer-RIB-INT-2-PL5","2019-06-19","sixtine:set/variables#variable.richesse-specifique-araignees",0,"B_Fer-RIB-INT-2-PL5","vocabulary:SubPlot","sixtine:set/experiments#resintbio"
"120","sixtine:set/experiments#resintbio/so-Placette/B_Fer-RIB-INT-2-PL5","2019-06-17","sixtine:set/variables#variable.richesse-specifique-araignees",2,"B_Fer-RIB-INT-2-PL5","vocabulary:SubPlot","sixtine:set/experiments#resintbio"
"121","sixtine:set/experiments#resintbio/so-Placette/B_Fer-RIB-INT-3-PL1","2019-09-24","sixtine:set/variables#variable.abondance-araignees",4,"B_Fer-RIB-INT-3-PL1","vocabulary:SubPlot","sixtine:set/experiments#resintbio"
"122","sixtine:set/experiments#resintbio/so-Placette/B_Fer-RIB-INT-3-PL1","2019-06-17","sixtine:set/variables#variable.richesse-specifique-araignees",1,"B_Fer-RIB-INT-3-PL1","vocabulary:SubPlot","sixtine:set/experiments#resintbio"
"123","sixtine:set/experiments#resintbio/so-Placette/B_Fer-RIB-INT-3-PL1","2019-07-17","sixtine:set/variables#variable.richesse-specifique-araignees",6,"B_Fer-RIB-INT-3-PL1","vocabulary:SubPlot","sixtine:set/experiments#resintbio"
"124","sixtine:set/experiments#resintbio/so-Placette/B_Fer-RIB-INT-3-PL1","2019-07-10","sixtine:set/variables#variable.richesse-specifique-araignees",8,"B_Fer-RIB-INT-3-PL1","vocabulary:SubPlot","sixtine:set/experiments#resintbio"
"125","sixtine:set/experiments#resintbio/so-Placette/B_Fer-RIB-INT-3-PL1","2019-06-17","sixtine:set/variables#variable.abondance-araignees",1,"B_Fer-RIB-INT-3-PL1","vocabulary:SubPlot","sixtine:set/experiments#resintbio"
"126","sixtine:set/experiments#resintbio/so-Placette/B_Fer-RIB-INT-3-PL1","2019-07-17","sixtine:set/variables#variable.abondance-araignees",10,"B_Fer-RIB-INT-3-PL1","vocabulary:SubPlot","sixtine:set/experiments#resintbio"
"127","sixtine:set/experiments#resintbio/so-Placette/B_Fer-RIB-INT-3-PL1","2019-06-19","sixtine:set/variables#variable.abondance-araignees",6,"B_Fer-RIB-INT-3-PL1","vocabulary:SubPlot","sixtine:set/experiments#resintbio"
"128","sixtine:set/experiments#resintbio/so-Placette/B_Fer-RIB-INT-3-PL1","2019-06-19","sixtine:set/variables#variable.richesse-specifique-araignees",3,"B_Fer-RIB-INT-3-PL1","vocabulary:SubPlot","sixtine:set/experiments#resintbio"
"129","sixtine:set/experiments#resintbio/so-Placette/B_Fer-RIB-INT-3-PL1","2019-08-27","sixtine:set/variables#variable.richesse-specifique-araignees",1,"B_Fer-RIB-INT-3-PL1","vocabulary:SubPlot","sixtine:set/experiments#resintbio"
"130","sixtine:set/experiments#resintbio/so-Placette/B_Fer-RIB-INT-3-PL1","2019-07-10","sixtine:set/variables#variable.abondance-araignees",12,"B_Fer-RIB-INT-3-PL1","vocabulary:SubPlot","sixtine:set/experiments#resintbio"
"131","sixtine:set/experiments#resintbio/so-Placette/B_Fer-RIB-INT-3-PL1","2019-09-24","sixtine:set/variables#variable.richesse-specifique-araignees",4,"B_Fer-RIB-INT-3-PL1","vocabulary:SubPlot","sixtine:set/experiments#resintbio"
"132","sixtine:set/experiments#resintbio/so-Placette/B_Fer-RIB-INT-3-PL1","2019-08-27","sixtine:set/variables#variable.abondance-araignees",1,"B_Fer-RIB-INT-3-PL1","vocabulary:SubPlot","sixtine:set/experiments#resintbio"
"133","sixtine:set/experiments#resintbio/so-Placette/B_Fer-RIB-INT-3-PL2","2019-07-10","sixtine:set/variables#variable.abondance-araignees",17,"B_Fer-RIB-INT-3-PL2","vocabulary:SubPlot","sixtine:set/experiments#resintbio"
"134","sixtine:set/experiments#resintbio/so-Placette/B_Fer-RIB-INT-3-PL2","2019-07-17","sixtine:set/variables#variable.abondance-araignees",12,"B_Fer-RIB-INT-3-PL2","vocabulary:SubPlot","sixtine:set/experiments#resintbio"
"135","sixtine:set/experiments#resintbio/so-Placette/B_Fer-RIB-INT-3-PL2","2019-06-19","sixtine:set/variables#variable.abondance-araignees",10,"B_Fer-RIB-INT-3-PL2","vocabulary:SubPlot","sixtine:set/experiments#resintbio"
"136","sixtine:set/experiments#resintbio/so-Placette/B_Fer-RIB-INT-3-PL2","2019-09-24","sixtine:set/variables#variable.abondance-araignees",7,"B_Fer-RIB-INT-3-PL2","vocabulary:SubPlot","sixtine:set/experiments#resintbio"
"137","sixtine:set/experiments#resintbio/so-Placette/B_Fer-RIB-INT-3-PL2","2019-08-27","sixtine:set/variables#variable.richesse-specifique-araignees",1,"B_Fer-RIB-INT-3-PL2","vocabulary:SubPlot","sixtine:set/experiments#resintbio"
"138","sixtine:set/experiments#resintbio/so-Placette/B_Fer-RIB-INT-3-PL2","2019-06-17","sixtine:set/variables#variable.richesse-specifique-araignees",1,"B_Fer-RIB-INT-3-PL2","vocabulary:SubPlot","sixtine:set/experiments#resintbio"
"139","sixtine:set/experiments#resintbio/so-Placette/B_Fer-RIB-INT-3-PL2","2019-07-17","sixtine:set/variables#variable.richesse-specifique-araignees",5,"B_Fer-RIB-INT-3-PL2","vocabulary:SubPlot","sixtine:set/experiments#resintbio"
"140","sixtine:set/experiments#resintbio/so-Placette/B_Fer-RIB-INT-3-PL2","2019-08-27","sixtine:set/variables#variable.abondance-araignees",6,"B_Fer-RIB-INT-3-PL2","vocabulary:SubPlot","sixtine:set/experiments#resintbio"
"141","sixtine:set/experiments#resintbio/so-Placette/B_Fer-RIB-INT-3-PL2","2019-06-17","sixtine:set/variables#variable.abondance-araignees",1,"B_Fer-RIB-INT-3-PL2","vocabulary:SubPlot","sixtine:set/experiments#resintbio"
"142","sixtine:set/experiments#resintbio/so-Placette/B_Fer-RIB-INT-3-PL2","2019-06-19","sixtine:set/variables#variable.richesse-specifique-araignees",3,"B_Fer-RIB-INT-3-PL2","vocabulary:SubPlot","sixtine:set/experiments#resintbio"
"143","sixtine:set/experiments#resintbio/so-Placette/B_Fer-RIB-INT-3-PL2","2019-09-24","sixtine:set/variables#variable.richesse-specifique-araignees",3,"B_Fer-RIB-INT-3-PL2","vocabulary:SubPlot","sixtine:set/experiments#resintbio"
"144","sixtine:set/experiments#resintbio/so-Placette/B_Fer-RIB-INT-3-PL2","2019-07-10","sixtine:set/variables#variable.richesse-specifique-araignees",9,"B_Fer-RIB-INT-3-PL2","vocabulary:SubPlot","sixtine:set/experiments#resintbio"
"145","sixtine:set/experiments#resintbio/so-Placette/B_Fer-RIB-INT-3-PL3","2019-06-17","sixtine:set/variables#variable.richesse-specifique-araignees",1,"B_Fer-RIB-INT-3-PL3","vocabulary:SubPlot","sixtine:set/experiments#resintbio"
"146","sixtine:set/experiments#resintbio/so-Placette/B_Fer-RIB-INT-3-PL3","2019-09-24","sixtine:set/variables#variable.abondance-araignees",12,"B_Fer-RIB-INT-3-PL3","vocabulary:SubPlot","sixtine:set/experiments#resintbio"
"147","sixtine:set/experiments#resintbio/so-Placette/B_Fer-RIB-INT-3-PL3","2019-08-27","sixtine:set/variables#variable.richesse-specifique-araignees",3,"B_Fer-RIB-INT-3-PL3","vocabulary:SubPlot","sixtine:set/experiments#resintbio"
"148","sixtine:set/experiments#resintbio/so-Placette/B_Fer-RIB-INT-3-PL3","2019-07-17","sixtine:set/variables#variable.abondance-araignees",11,"B_Fer-RIB-INT-3-PL3","vocabulary:SubPlot","sixtine:set/experiments#resintbio"
"149","sixtine:set/experiments#resintbio/so-Placette/B_Fer-RIB-INT-3-PL3","2019-07-17","sixtine:set/variables#variable.richesse-specifique-araignees",4,"B_Fer-RIB-INT-3-PL3","vocabulary:SubPlot","sixtine:set/experiments#resintbio"
"150","sixtine:set/experiments#resintbio/so-Placette/B_Fer-RIB-INT-3-PL3","2019-09-24","sixtine:set/variables#variable.richesse-specifique-araignees",5,"B_Fer-RIB-INT-3-PL3","vocabulary:SubPlot","sixtine:set/experiments#resintbio"
"151","sixtine:set/experiments#resintbio/so-Placette/B_Fer-RIB-INT-3-PL3","2019-08-27","sixtine:set/variables#variable.abondance-araignees",16,"B_Fer-RIB-INT-3-PL3","vocabulary:SubPlot","sixtine:set/experiments#resintbio"
"152","sixtine:set/experiments#resintbio/so-Placette/B_Fer-RIB-INT-3-PL3","2019-07-10","sixtine:set/variables#variable.abondance-araignees",10,"B_Fer-RIB-INT-3-PL3","vocabulary:SubPlot","sixtine:set/experiments#resintbio"
"153","sixtine:set/experiments#resintbio/so-Placette/B_Fer-RIB-INT-3-PL3","2019-07-10","sixtine:set/variables#variable.richesse-specifique-araignees",7,"B_Fer-RIB-INT-3-PL3","vocabulary:SubPlot","sixtine:set/experiments#resintbio"
"154","sixtine:set/experiments#resintbio/so-Placette/B_Fer-RIB-INT-3-PL3","2019-06-19","sixtine:set/variables#variable.abondance-araignees",14,"B_Fer-RIB-INT-3-PL3","vocabulary:SubPlot","sixtine:set/experiments#resintbio"
"155","sixtine:set/experiments#resintbio/so-Placette/B_Fer-RIB-INT-3-PL3","2019-06-19","sixtine:set/variables#variable.richesse-specifique-araignees",3,"B_Fer-RIB-INT-3-PL3","vocabulary:SubPlot","sixtine:set/experiments#resintbio"
"156","sixtine:set/experiments#resintbio/so-Placette/B_Fer-RIB-INT-3-PL3","2019-06-17","sixtine:set/variables#variable.abondance-araignees",1,"B_Fer-RIB-INT-3-PL3","vocabulary:SubPlot","sixtine:set/experiments#resintbio"
"157","sixtine:set/experiments#resintbio/so-Placette/B_Fer-RIB-INT-3-PL4","2019-08-27","sixtine:set/variables#variable.abondance-araignees",5,"B_Fer-RIB-INT-3-PL4","vocabulary:SubPlot","sixtine:set/experiments#resintbio"
"158","sixtine:set/experiments#resintbio/so-Placette/B_Fer-RIB-INT-3-PL4","2019-06-19","sixtine:set/variables#variable.abondance-araignees",9,"B_Fer-RIB-INT-3-PL4","vocabulary:SubPlot","sixtine:set/experiments#resintbio"
"159","sixtine:set/experiments#resintbio/so-Placette/B_Fer-RIB-INT-3-PL4","2019-06-17","sixtine:set/variables#variable.richesse-specifique-araignees",1,"B_Fer-RIB-INT-3-PL4","vocabulary:SubPlot","sixtine:set/experiments#resintbio"
"160","sixtine:set/experiments#resintbio/so-Placette/B_Fer-RIB-INT-3-PL4","2019-06-17","sixtine:set/variables#variable.abondance-araignees",1,"B_Fer-RIB-INT-3-PL4","vocabulary:SubPlot","sixtine:set/experiments#resintbio"
"161","sixtine:set/experiments#resintbio/so-Placette/B_Fer-RIB-INT-3-PL4","2019-07-17","sixtine:set/variables#variable.richesse-specifique-araignees",6,"B_Fer-RIB-INT-3-PL4","vocabulary:SubPlot","sixtine:set/experiments#resintbio"
"162","sixtine:set/experiments#resintbio/so-Placette/B_Fer-RIB-INT-3-PL4","2019-09-24","sixtine:set/variables#variable.abondance-araignees",4,"B_Fer-RIB-INT-3-PL4","vocabulary:SubPlot","sixtine:set/experiments#resintbio"
"163","sixtine:set/experiments#resintbio/so-Placette/B_Fer-RIB-INT-3-PL4","2019-07-10","sixtine:set/variables#variable.richesse-specifique-araignees",6,"B_Fer-RIB-INT-3-PL4","vocabulary:SubPlot","sixtine:set/experiments#resintbio"
"164","sixtine:set/experiments#resintbio/so-Placette/B_Fer-RIB-INT-3-PL4","2019-07-17","sixtine:set/variables#variable.abondance-araignees",30,"B_Fer-RIB-INT-3-PL4","vocabulary:SubPlot","sixtine:set/experiments#resintbio"
"165","sixtine:set/experiments#resintbio/so-Placette/B_Fer-RIB-INT-3-PL4","2019-07-10","sixtine:set/variables#variable.abondance-araignees",14,"B_Fer-RIB-INT-3-PL4","vocabulary:SubPlot","sixtine:set/experiments#resintbio"
"166","sixtine:set/experiments#resintbio/so-Placette/B_Fer-RIB-INT-3-PL4","2019-06-19","sixtine:set/variables#variable.richesse-specifique-araignees",5,"B_Fer-RIB-INT-3-PL4","vocabulary:SubPlot","sixtine:set/experiments#resintbio"
"167","sixtine:set/experiments#resintbio/so-Placette/B_Fer-RIB-INT-3-PL4","2019-08-27","sixtine:set/variables#variable.richesse-specifique-araignees",5,"B_Fer-RIB-INT-3-PL4","vocabulary:SubPlot","sixtine:set/experiments#resintbio"
"168","sixtine:set/experiments#resintbio/so-Placette/B_Fer-RIB-INT-3-PL4","2019-09-24","sixtine:set/variables#variable.richesse-specifique-araignees",3,"B_Fer-RIB-INT-3-PL4","vocabulary:SubPlot","sixtine:set/experiments#resintbio"
"169","sixtine:set/experiments#resintbio/so-Placette/B_Fer-RIB-INT-3-PL5","2019-07-17","sixtine:set/variables#variable.richesse-specifique-araignees",7,"B_Fer-RIB-INT-3-PL5","vocabulary:SubPlot","sixtine:set/experiments#resintbio"
"170","sixtine:set/experiments#resintbio/so-Placette/B_Fer-RIB-INT-3-PL5","2019-09-24","sixtine:set/variables#variable.abondance-araignees",6,"B_Fer-RIB-INT-3-PL5","vocabulary:SubPlot","sixtine:set/experiments#resintbio"
"171","sixtine:set/experiments#resintbio/so-Placette/B_Fer-RIB-INT-3-PL5","2019-08-27","sixtine:set/variables#variable.abondance-araignees",4,"B_Fer-RIB-INT-3-PL5","vocabulary:SubPlot","sixtine:set/experiments#resintbio"
"172","sixtine:set/experiments#resintbio/so-Placette/B_Fer-RIB-INT-3-PL5","2019-06-19","sixtine:set/variables#variable.richesse-specifique-araignees",4,"B_Fer-RIB-INT-3-PL5","vocabulary:SubPlot","sixtine:set/experiments#resintbio"
"173","sixtine:set/experiments#resintbio/so-Placette/B_Fer-RIB-INT-3-PL5","2019-06-17","sixtine:set/variables#variable.abondance-araignees",1,"B_Fer-RIB-INT-3-PL5","vocabulary:SubPlot","sixtine:set/experiments#resintbio"
"174","sixtine:set/experiments#resintbio/so-Placette/B_Fer-RIB-INT-3-PL5","2019-09-24","sixtine:set/variables#variable.richesse-specifique-araignees",3,"B_Fer-RIB-INT-3-PL5","vocabulary:SubPlot","sixtine:set/experiments#resintbio"
"175","sixtine:set/experiments#resintbio/so-Placette/B_Fer-RIB-INT-3-PL5","2019-07-10","sixtine:set/variables#variable.abondance-araignees",4,"B_Fer-RIB-INT-3-PL5","vocabulary:SubPlot","sixtine:set/experiments#resintbio"
"176","sixtine:set/experiments#resintbio/so-Placette/B_Fer-RIB-INT-3-PL5","2019-06-19","sixtine:set/variables#variable.abondance-araignees",5,"B_Fer-RIB-INT-3-PL5","vocabulary:SubPlot","sixtine:set/experiments#resintbio"
"177","sixtine:set/experiments#resintbio/so-Placette/B_Fer-RIB-INT-3-PL5","2019-07-17","sixtine:set/variables#variable.abondance-araignees",41,"B_Fer-RIB-INT-3-PL5","vocabulary:SubPlot","sixtine:set/experiments#resintbio"
"178","sixtine:set/experiments#resintbio/so-Placette/B_Fer-RIB-INT-3-PL5","2019-06-17","sixtine:set/variables#variable.richesse-specifique-araignees",1,"B_Fer-RIB-INT-3-PL5","vocabulary:SubPlot","sixtine:set/experiments#resintbio"
"179","sixtine:set/experiments#resintbio/so-Placette/B_Fer-RIB-INT-3-PL5","2019-08-27","sixtine:set/variables#variable.richesse-specifique-araignees",2,"B_Fer-RIB-INT-3-PL5","vocabulary:SubPlot","sixtine:set/experiments#resintbio"
"180","sixtine:set/experiments#resintbio/so-Placette/B_Fer-RIB-INT-3-PL5","2019-07-10","sixtine:set/variables#variable.richesse-specifique-araignees",4,"B_Fer-RIB-INT-3-PL5","vocabulary:SubPlot","sixtine:set/experiments#resintbio"
"181","sixtine:set/experiments#resintbio/so-Placette/B_Fer-RIB-RES-1-PL1","2019-09-24","sixtine:set/variables#variable.abondance-araignees",4,"B_Fer-RIB-RES-1-PL1","vocabulary:SubPlot","sixtine:set/experiments#resintbio"
"182","sixtine:set/experiments#resintbio/so-Placette/B_Fer-RIB-RES-1-PL1","2019-06-19","sixtine:set/variables#variable.abondance-araignees",4,"B_Fer-RIB-RES-1-PL1","vocabulary:SubPlot","sixtine:set/experiments#resintbio"
"183","sixtine:set/experiments#resintbio/so-Placette/B_Fer-RIB-RES-1-PL1","2019-08-27","sixtine:set/variables#variable.richesse-specifique-araignees",4,"B_Fer-RIB-RES-1-PL1","vocabulary:SubPlot","sixtine:set/experiments#resintbio"
"184","sixtine:set/experiments#resintbio/so-Placette/B_Fer-RIB-RES-1-PL1","2019-08-27","sixtine:set/variables#variable.abondance-araignees",4,"B_Fer-RIB-RES-1-PL1","vocabulary:SubPlot","sixtine:set/experiments#resintbio"
"185","sixtine:set/experiments#resintbio/so-Placette/B_Fer-RIB-RES-1-PL1","2019-07-17","sixtine:set/variables#variable.abondance-araignees",19,"B_Fer-RIB-RES-1-PL1","vocabulary:SubPlot","sixtine:set/experiments#resintbio"
"186","sixtine:set/experiments#resintbio/so-Placette/B_Fer-RIB-RES-1-PL1","2019-07-17","sixtine:set/variables#variable.richesse-specifique-araignees",5,"B_Fer-RIB-RES-1-PL1","vocabulary:SubPlot","sixtine:set/experiments#resintbio"
"187","sixtine:set/experiments#resintbio/so-Placette/B_Fer-RIB-RES-1-PL1","2019-06-17","sixtine:set/variables#variable.abondance-araignees",2,"B_Fer-RIB-RES-1-PL1","vocabulary:SubPlot","sixtine:set/experiments#resintbio"
"188","sixtine:set/experiments#resintbio/so-Placette/B_Fer-RIB-RES-1-PL1","2019-09-24","sixtine:set/variables#variable.richesse-specifique-araignees",4,"B_Fer-RIB-RES-1-PL1","vocabulary:SubPlot","sixtine:set/experiments#resintbio"
"189","sixtine:set/experiments#resintbio/so-Placette/B_Fer-RIB-RES-1-PL1","2019-06-19","sixtine:set/variables#variable.richesse-specifique-araignees",3,"B_Fer-RIB-RES-1-PL1","vocabulary:SubPlot","sixtine:set/experiments#resintbio"
"190","sixtine:set/experiments#resintbio/so-Placette/B_Fer-RIB-RES-1-PL1","2019-07-10","sixtine:set/variables#variable.abondance-araignees",7,"B_Fer-RIB-RES-1-PL1","vocabulary:SubPlot","sixtine:set/experiments#resintbio"
"191","sixtine:set/experiments#resintbio/so-Placette/B_Fer-RIB-RES-1-PL1","2019-06-17","sixtine:set/variables#variable.richesse-specifique-araignees",2,"B_Fer-RIB-RES-1-PL1","vocabulary:SubPlot","sixtine:set/experiments#resintbio"
"192","sixtine:set/experiments#resintbio/so-Placette/B_Fer-RIB-RES-1-PL1","2019-07-10","sixtine:set/variables#variable.richesse-specifique-araignees",5,"B_Fer-RIB-RES-1-PL1","vocabulary:SubPlot","sixtine:set/experiments#resintbio"
"193","sixtine:set/experiments#resintbio/so-Placette/B_Fer-RIB-RES-1-PL2","2019-06-19","sixtine:set/variables#variable.richesse-specifique-araignees",3,"B_Fer-RIB-RES-1-PL2","vocabulary:SubPlot","sixtine:set/experiments#resintbio"
"194","sixtine:set/experiments#resintbio/so-Placette/B_Fer-RIB-RES-1-PL2","2019-06-19","sixtine:set/variables#variable.abondance-araignees",3,"B_Fer-RIB-RES-1-PL2","vocabulary:SubPlot","sixtine:set/experiments#resintbio"
"195","sixtine:set/experiments#resintbio/so-Placette/B_Fer-RIB-RES-1-PL2","2019-07-17","sixtine:set/variables#variable.abondance-araignees",34,"B_Fer-RIB-RES-1-PL2","vocabulary:SubPlot","sixtine:set/experiments#resintbio"
"196","sixtine:set/experiments#resintbio/so-Placette/B_Fer-RIB-RES-1-PL2","2019-07-17","sixtine:set/variables#variable.richesse-specifique-araignees",7,"B_Fer-RIB-RES-1-PL2","vocabulary:SubPlot","sixtine:set/experiments#resintbio"
"197","sixtine:set/experiments#resintbio/so-Placette/B_Fer-RIB-RES-1-PL2","2019-06-17","sixtine:set/variables#variable.richesse-specifique-araignees",0,"B_Fer-RIB-RES-1-PL2","vocabulary:SubPlot","sixtine:set/experiments#resintbio"
"198","sixtine:set/experiments#resintbio/so-Placette/B_Fer-RIB-RES-1-PL2","2019-08-27","sixtine:set/variables#variable.richesse-specifique-araignees",2,"B_Fer-RIB-RES-1-PL2","vocabulary:SubPlot","sixtine:set/experiments#resintbio"
"199","sixtine:set/experiments#resintbio/so-Placette/B_Fer-RIB-RES-1-PL2","2019-07-10","sixtine:set/variables#variable.richesse-specifique-araignees",4,"B_Fer-RIB-RES-1-PL2","vocabulary:SubPlot","sixtine:set/experiments#resintbio"
"200","sixtine:set/experiments#resintbio/so-Placette/B_Fer-RIB-RES-1-PL2","2019-08-27","sixtine:set/variables#variable.abondance-araignees",15,"B_Fer-RIB-RES-1-PL2","vocabulary:SubPlot","sixtine:set/experiments#resintbio"
"201","sixtine:set/experiments#resintbio/so-Placette/B_Fer-RIB-RES-1-PL2","2019-07-10","sixtine:set/variables#variable.abondance-araignees",6,"B_Fer-RIB-RES-1-PL2","vocabulary:SubPlot","sixtine:set/experiments#resintbio"
"202","sixtine:set/experiments#resintbio/so-Placette/B_Fer-RIB-RES-1-PL2","2019-09-24","sixtine:set/variables#variable.abondance-araignees",3,"B_Fer-RIB-RES-1-PL2","vocabulary:SubPlot","sixtine:set/experiments#resintbio"
"203","sixtine:set/experiments#resintbio/so-Placette/B_Fer-RIB-RES-1-PL2","2019-09-24","sixtine:set/variables#variable.richesse-specifique-araignees",2,"B_Fer-RIB-RES-1-PL2","vocabulary:SubPlot","sixtine:set/experiments#resintbio"
"204","sixtine:set/experiments#resintbio/so-Placette/B_Fer-RIB-RES-1-PL2","2019-06-17","sixtine:set/variables#variable.abondance-araignees",0,"B_Fer-RIB-RES-1-PL2","vocabulary:SubPlot","sixtine:set/experiments#resintbio"
"205","sixtine:set/experiments#resintbio/so-Placette/B_Fer-RIB-RES-1-PL3","2019-08-27","sixtine:set/variables#variable.abondance-araignees",2,"B_Fer-RIB-RES-1-PL3","vocabulary:SubPlot","sixtine:set/experiments#resintbio"
"206","sixtine:set/experiments#resintbio/so-Placette/B_Fer-RIB-RES-1-PL3","2019-08-27","sixtine:set/variables#variable.richesse-specifique-araignees",2,"B_Fer-RIB-RES-1-PL3","vocabulary:SubPlot","sixtine:set/experiments#resintbio"
"207","sixtine:set/experiments#resintbio/so-Placette/B_Fer-RIB-RES-1-PL3","2019-07-17","sixtine:set/variables#variable.richesse-specifique-araignees",6,"B_Fer-RIB-RES-1-PL3","vocabulary:SubPlot","sixtine:set/experiments#resintbio"
"208","sixtine:set/experiments#resintbio/so-Placette/B_Fer-RIB-RES-1-PL3","2019-06-17","sixtine:set/variables#variable.abondance-araignees",2,"B_Fer-RIB-RES-1-PL3","vocabulary:SubPlot","sixtine:set/experiments#resintbio"
"209","sixtine:set/experiments#resintbio/so-Placette/B_Fer-RIB-RES-1-PL3","2019-07-17","sixtine:set/variables#variable.abondance-araignees",20,"B_Fer-RIB-RES-1-PL3","vocabulary:SubPlot","sixtine:set/experiments#resintbio"
"210","sixtine:set/experiments#resintbio/so-Placette/B_Fer-RIB-RES-1-PL3","2019-07-10","sixtine:set/variables#variable.richesse-specifique-araignees",3,"B_Fer-RIB-RES-1-PL3","vocabulary:SubPlot","sixtine:set/experiments#resintbio"
"211","sixtine:set/experiments#resintbio/so-Placette/B_Fer-RIB-RES-1-PL3","2019-09-24","sixtine:set/variables#variable.abondance-araignees",3,"B_Fer-RIB-RES-1-PL3","vocabulary:SubPlot","sixtine:set/experiments#resintbio"
"212","sixtine:set/experiments#resintbio/so-Placette/B_Fer-RIB-RES-1-PL3","2019-07-10","sixtine:set/variables#variable.abondance-araignees",4,"B_Fer-RIB-RES-1-PL3","vocabulary:SubPlot","sixtine:set/experiments#resintbio"
"213","sixtine:set/experiments#resintbio/so-Placette/B_Fer-RIB-RES-1-PL3","2019-06-17","sixtine:set/variables#variable.richesse-specifique-araignees",2,"B_Fer-RIB-RES-1-PL3","vocabulary:SubPlot","sixtine:set/experiments#resintbio"
"214","sixtine:set/experiments#resintbio/so-Placette/B_Fer-RIB-RES-1-PL3","2019-09-24","sixtine:set/variables#variable.richesse-specifique-araignees",2,"B_Fer-RIB-RES-1-PL3","vocabulary:SubPlot","sixtine:set/experiments#resintbio"
"215","sixtine:set/experiments#resintbio/so-Placette/B_Fer-RIB-RES-1-PL3","2019-06-19","sixtine:set/variables#variable.abondance-araignees",1,"B_Fer-RIB-RES-1-PL3","vocabulary:SubPlot","sixtine:set/experiments#resintbio"
"216","sixtine:set/experiments#resintbio/so-Placette/B_Fer-RIB-RES-1-PL3","2019-06-19","sixtine:set/variables#variable.richesse-specifique-araignees",1,"B_Fer-RIB-RES-1-PL3","vocabulary:SubPlot","sixtine:set/experiments#resintbio"
"217","sixtine:set/experiments#resintbio/so-Placette/B_Fer-RIB-RES-1-PL4","2019-07-17","sixtine:set/variables#variable.abondance-araignees",10,"B_Fer-RIB-RES-1-PL4","vocabulary:SubPlot","sixtine:set/experiments#resintbio"
"218","sixtine:set/experiments#resintbio/so-Placette/B_Fer-RIB-RES-1-PL4","2019-09-24","sixtine:set/variables#variable.abondance-araignees",7,"B_Fer-RIB-RES-1-PL4","vocabulary:SubPlot","sixtine:set/experiments#resintbio"
"219","sixtine:set/experiments#resintbio/so-Placette/B_Fer-RIB-RES-1-PL4","2019-06-19","sixtine:set/variables#variable.abondance-araignees",4,"B_Fer-RIB-RES-1-PL4","vocabulary:SubPlot","sixtine:set/experiments#resintbio"
"220","sixtine:set/experiments#resintbio/so-Placette/B_Fer-RIB-RES-1-PL4","2019-06-19","sixtine:set/variables#variable.richesse-specifique-araignees",2,"B_Fer-RIB-RES-1-PL4","vocabulary:SubPlot","sixtine:set/experiments#resintbio"
"221","sixtine:set/experiments#resintbio/so-Placette/B_Fer-RIB-RES-1-PL4","2019-09-24","sixtine:set/variables#variable.richesse-specifique-araignees",3,"B_Fer-RIB-RES-1-PL4","vocabulary:SubPlot","sixtine:set/experiments#resintbio"
"222","sixtine:set/experiments#resintbio/so-Placette/B_Fer-RIB-RES-1-PL4","2019-06-17","sixtine:set/variables#variable.abondance-araignees",1,"B_Fer-RIB-RES-1-PL4","vocabulary:SubPlot","sixtine:set/experiments#resintbio"
"223","sixtine:set/experiments#resintbio/so-Placette/B_Fer-RIB-RES-1-PL4","2019-07-17","sixtine:set/variables#variable.richesse-specifique-araignees",4,"B_Fer-RIB-RES-1-PL4","vocabulary:SubPlot","sixtine:set/experiments#resintbio"
"224","sixtine:set/experiments#resintbio/so-Placette/B_Fer-RIB-RES-1-PL4","2019-07-10","sixtine:set/variables#variable.richesse-specifique-araignees",2,"B_Fer-RIB-RES-1-PL4","vocabulary:SubPlot","sixtine:set/experiments#resintbio"
"225","sixtine:set/experiments#resintbio/so-Placette/B_Fer-RIB-RES-1-PL4","2019-08-27","sixtine:set/variables#variable.richesse-specifique-araignees",1,"B_Fer-RIB-RES-1-PL4","vocabulary:SubPlot","sixtine:set/experiments#resintbio"
"226","sixtine:set/experiments#resintbio/so-Placette/B_Fer-RIB-RES-1-PL4","2019-06-17","sixtine:set/variables#variable.richesse-specifique-araignees",1,"B_Fer-RIB-RES-1-PL4","vocabulary:SubPlot","sixtine:set/experiments#resintbio"
"227","sixtine:set/experiments#resintbio/so-Placette/B_Fer-RIB-RES-1-PL4","2019-07-10","sixtine:set/variables#variable.abondance-araignees",2,"B_Fer-RIB-RES-1-PL4","vocabulary:SubPlot","sixtine:set/experiments#resintbio"
"228","sixtine:set/experiments#resintbio/so-Placette/B_Fer-RIB-RES-1-PL4","2019-08-27","sixtine:set/variables#variable.abondance-araignees",4,"B_Fer-RIB-RES-1-PL4","vocabulary:SubPlot","sixtine:set/experiments#resintbio"
"229","sixtine:set/experiments#resintbio/so-Placette/B_Fer-RIB-RES-1-PL5","2019-06-17","sixtine:set/variables#variable.abondance-araignees",0,"B_Fer-RIB-RES-1-PL5","vocabulary:SubPlot","sixtine:set/experiments#resintbio"
"230","sixtine:set/experiments#resintbio/so-Placette/B_Fer-RIB-RES-1-PL5","2019-08-27","sixtine:set/variables#variable.abondance-araignees",5,"B_Fer-RIB-RES-1-PL5","vocabulary:SubPlot","sixtine:set/experiments#resintbio"
"231","sixtine:set/experiments#resintbio/so-Placette/B_Fer-RIB-RES-1-PL5","2019-06-19","sixtine:set/variables#variable.abondance-araignees",6,"B_Fer-RIB-RES-1-PL5","vocabulary:SubPlot","sixtine:set/experiments#resintbio"
"232","sixtine:set/experiments#resintbio/so-Placette/B_Fer-RIB-RES-1-PL5","2019-06-17","sixtine:set/variables#variable.richesse-specifique-araignees",0,"B_Fer-RIB-RES-1-PL5","vocabulary:SubPlot","sixtine:set/experiments#resintbio"
"233","sixtine:set/experiments#resintbio/so-Placette/B_Fer-RIB-RES-1-PL5","2019-07-10","sixtine:set/variables#variable.abondance-araignees",7,"B_Fer-RIB-RES-1-PL5","vocabulary:SubPlot","sixtine:set/experiments#resintbio"
"234","sixtine:set/experiments#resintbio/so-Placette/B_Fer-RIB-RES-1-PL5","2019-08-27","sixtine:set/variables#variable.richesse-specifique-araignees",3,"B_Fer-RIB-RES-1-PL5","vocabulary:SubPlot","sixtine:set/experiments#resintbio"
"235","sixtine:set/experiments#resintbio/so-Placette/B_Fer-RIB-RES-1-PL5","2019-09-24","sixtine:set/variables#variable.abondance-araignees",8,"B_Fer-RIB-RES-1-PL5","vocabulary:SubPlot","sixtine:set/experiments#resintbio"
"236","sixtine:set/experiments#resintbio/so-Placette/B_Fer-RIB-RES-1-PL5","2019-07-17","sixtine:set/variables#variable.richesse-specifique-araignees",5,"B_Fer-RIB-RES-1-PL5","vocabulary:SubPlot","sixtine:set/experiments#resintbio"
"237","sixtine:set/experiments#resintbio/so-Placette/B_Fer-RIB-RES-1-PL5","2019-07-17","sixtine:set/variables#variable.abondance-araignees",19,"B_Fer-RIB-RES-1-PL5","vocabulary:SubPlot","sixtine:set/experiments#resintbio"
"238","sixtine:set/experiments#resintbio/so-Placette/B_Fer-RIB-RES-1-PL5","2019-09-24","sixtine:set/variables#variable.richesse-specifique-araignees",3,"B_Fer-RIB-RES-1-PL5","vocabulary:SubPlot","sixtine:set/experiments#resintbio"
"239","sixtine:set/experiments#resintbio/so-Placette/B_Fer-RIB-RES-1-PL5","2019-07-10","sixtine:set/variables#variable.richesse-specifique-araignees",5,"B_Fer-RIB-RES-1-PL5","vocabulary:SubPlot","sixtine:set/experiments#resintbio"
"240","sixtine:set/experiments#resintbio/so-Placette/B_Fer-RIB-RES-1-PL5","2019-06-19","sixtine:set/variables#variable.richesse-specifique-araignees",4,"B_Fer-RIB-RES-1-PL5","vocabulary:SubPlot","sixtine:set/experiments#resintbio"
"241","sixtine:set/experiments#resintbio/so-Placette/B_Fer-RIB-RES-2-PL1","2019-06-19","sixtine:set/variables#variable.richesse-specifique-araignees",8,"B_Fer-RIB-RES-2-PL1","vocabulary:SubPlot","sixtine:set/experiments#resintbio"
"242","sixtine:set/experiments#resintbio/so-Placette/B_Fer-RIB-RES-2-PL1","2019-06-17","sixtine:set/variables#variable.richesse-specifique-araignees",2,"B_Fer-RIB-RES-2-PL1","vocabulary:SubPlot","sixtine:set/experiments#resintbio"
"243","sixtine:set/experiments#resintbio/so-Placette/B_Fer-RIB-RES-2-PL1","2019-06-17","sixtine:set/variables#variable.abondance-araignees",3,"B_Fer-RIB-RES-2-PL1","vocabulary:SubPlot","sixtine:set/experiments#resintbio"
"244","sixtine:set/experiments#resintbio/so-Placette/B_Fer-RIB-RES-2-PL1","2019-06-19","sixtine:set/variables#variable.abondance-araignees",13,"B_Fer-RIB-RES-2-PL1","vocabulary:SubPlot","sixtine:set/experiments#resintbio"
"245","sixtine:set/experiments#resintbio/so-Placette/B_Fer-RIB-RES-2-PL1","2019-09-24","sixtine:set/variables#variable.richesse-specifique-araignees",4,"B_Fer-RIB-RES-2-PL1","vocabulary:SubPlot","sixtine:set/experiments#resintbio"
"246","sixtine:set/experiments#resintbio/so-Placette/B_Fer-RIB-RES-2-PL1","2019-08-27","sixtine:set/variables#variable.abondance-araignees",1,"B_Fer-RIB-RES-2-PL1","vocabulary:SubPlot","sixtine:set/experiments#resintbio"
"247","sixtine:set/experiments#resintbio/so-Placette/B_Fer-RIB-RES-2-PL1","2019-07-10","sixtine:set/variables#variable.abondance-araignees",14,"B_Fer-RIB-RES-2-PL1","vocabulary:SubPlot","sixtine:set/experiments#resintbio"
"248","sixtine:set/experiments#resintbio/so-Placette/B_Fer-RIB-RES-2-PL1","2019-07-10","sixtine:set/variables#variable.richesse-specifique-araignees",8,"B_Fer-RIB-RES-2-PL1","vocabulary:SubPlot","sixtine:set/experiments#resintbio"
"249","sixtine:set/experiments#resintbio/so-Placette/B_Fer-RIB-RES-2-PL1","2019-08-27","sixtine:set/variables#variable.richesse-specifique-araignees",1,"B_Fer-RIB-RES-2-PL1","vocabulary:SubPlot","sixtine:set/experiments#resintbio"
"250","sixtine:set/experiments#resintbio/so-Placette/B_Fer-RIB-RES-2-PL1","2019-09-24","sixtine:set/variables#variable.abondance-araignees",9,"B_Fer-RIB-RES-2-PL1","vocabulary:SubPlot","sixtine:set/experiments#resintbio"
"251","sixtine:set/experiments#resintbio/so-Placette/B_Fer-RIB-RES-2-PL1","2019-07-17","sixtine:set/variables#variable.richesse-specifique-araignees",8,"B_Fer-RIB-RES-2-PL1","vocabulary:SubPlot","sixtine:set/experiments#resintbio"
"252","sixtine:set/experiments#resintbio/so-Placette/B_Fer-RIB-RES-2-PL1","2019-07-17","sixtine:set/variables#variable.abondance-araignees",19,"B_Fer-RIB-RES-2-PL1","vocabulary:SubPlot","sixtine:set/experiments#resintbio"
"253","sixtine:set/experiments#resintbio/so-Placette/B_Fer-RIB-RES-2-PL2","2019-07-17","sixtine:set/variables#variable.abondance-araignees",15,"B_Fer-RIB-RES-2-PL2","vocabulary:SubPlot","sixtine:set/experiments#resintbio"
"254","sixtine:set/experiments#resintbio/so-Placette/B_Fer-RIB-RES-2-PL2","2019-06-19","sixtine:set/variables#variable.richesse-specifique-araignees",6,"B_Fer-RIB-RES-2-PL2","vocabulary:SubPlot","sixtine:set/experiments#resintbio"
"255","sixtine:set/experiments#resintbio/so-Placette/B_Fer-RIB-RES-2-PL2","2019-06-19","sixtine:set/variables#variable.abondance-araignees",13,"B_Fer-RIB-RES-2-PL2","vocabulary:SubPlot","sixtine:set/experiments#resintbio"
"256","sixtine:set/experiments#resintbio/so-Placette/B_Fer-RIB-RES-2-PL2","2019-07-10","sixtine:set/variables#variable.richesse-specifique-araignees",7,"B_Fer-RIB-RES-2-PL2","vocabulary:SubPlot","sixtine:set/experiments#resintbio"
"257","sixtine:set/experiments#resintbio/so-Placette/B_Fer-RIB-RES-2-PL2","2019-08-27","sixtine:set/variables#variable.richesse-specifique-araignees",2,"B_Fer-RIB-RES-2-PL2","vocabulary:SubPlot","sixtine:set/experiments#resintbio"
"258","sixtine:set/experiments#resintbio/so-Placette/B_Fer-RIB-RES-2-PL2","2019-07-10","sixtine:set/variables#variable.abondance-araignees",18,"B_Fer-RIB-RES-2-PL2","vocabulary:SubPlot","sixtine:set/experiments#resintbio"
"259","sixtine:set/experiments#resintbio/so-Placette/B_Fer-RIB-RES-2-PL2","2019-09-24","sixtine:set/variables#variable.abondance-araignees",5,"B_Fer-RIB-RES-2-PL2","vocabulary:SubPlot","sixtine:set/experiments#resintbio"
"260","sixtine:set/experiments#resintbio/so-Placette/B_Fer-RIB-RES-2-PL2","2019-06-17","sixtine:set/variables#variable.abondance-araignees",0,"B_Fer-RIB-RES-2-PL2","vocabulary:SubPlot","sixtine:set/experiments#resintbio"
"261","sixtine:set/experiments#resintbio/so-Placette/B_Fer-RIB-RES-2-PL2","2019-06-17","sixtine:set/variables#variable.richesse-specifique-araignees",0,"B_Fer-RIB-RES-2-PL2","vocabulary:SubPlot","sixtine:set/experiments#resintbio"
"262","sixtine:set/experiments#resintbio/so-Placette/B_Fer-RIB-RES-2-PL2","2019-07-17","sixtine:set/variables#variable.richesse-specifique-araignees",7,"B_Fer-RIB-RES-2-PL2","vocabulary:SubPlot","sixtine:set/experiments#resintbio"
"263","sixtine:set/experiments#resintbio/so-Placette/B_Fer-RIB-RES-2-PL2","2019-09-24","sixtine:set/variables#variable.richesse-specifique-araignees",4,"B_Fer-RIB-RES-2-PL2","vocabulary:SubPlot","sixtine:set/experiments#resintbio"
"264","sixtine:set/experiments#resintbio/so-Placette/B_Fer-RIB-RES-2-PL2","2019-08-27","sixtine:set/variables#variable.abondance-araignees",2,"B_Fer-RIB-RES-2-PL2","vocabulary:SubPlot","sixtine:set/experiments#resintbio"
"265","sixtine:set/experiments#resintbio/so-Placette/B_Fer-RIB-RES-2-PL3","2019-06-19","sixtine:set/variables#variable.abondance-araignees",11,"B_Fer-RIB-RES-2-PL3","vocabulary:SubPlot","sixtine:set/experiments#resintbio"
"266","sixtine:set/experiments#resintbio/so-Placette/B_Fer-RIB-RES-2-PL3","2019-06-19","sixtine:set/variables#variable.richesse-specifique-araignees",5,"B_Fer-RIB-RES-2-PL3","vocabulary:SubPlot","sixtine:set/experiments#resintbio"
"267","sixtine:set/experiments#resintbio/so-Placette/B_Fer-RIB-RES-2-PL3","2019-09-24","sixtine:set/variables#variable.abondance-araignees",7,"B_Fer-RIB-RES-2-PL3","vocabulary:SubPlot","sixtine:set/experiments#resintbio"
"268","sixtine:set/experiments#resintbio/so-Placette/B_Fer-RIB-RES-2-PL3","2019-07-10","sixtine:set/variables#variable.abondance-araignees",15,"B_Fer-RIB-RES-2-PL3","vocabulary:SubPlot","sixtine:set/experiments#resintbio"
"269","sixtine:set/experiments#resintbio/so-Placette/B_Fer-RIB-RES-2-PL3","2019-06-17","sixtine:set/variables#variable.abondance-araignees",0,"B_Fer-RIB-RES-2-PL3","vocabulary:SubPlot","sixtine:set/experiments#resintbio"
"270","sixtine:set/experiments#resintbio/so-Placette/B_Fer-RIB-RES-2-PL3","2019-09-24","sixtine:set/variables#variable.richesse-specifique-araignees",3,"B_Fer-RIB-RES-2-PL3","vocabulary:SubPlot","sixtine:set/experiments#resintbio"
"271","sixtine:set/experiments#resintbio/so-Placette/B_Fer-RIB-RES-2-PL3","2019-06-17","sixtine:set/variables#variable.richesse-specifique-araignees",0,"B_Fer-RIB-RES-2-PL3","vocabulary:SubPlot","sixtine:set/experiments#resintbio"
"272","sixtine:set/experiments#resintbio/so-Placette/B_Fer-RIB-RES-2-PL3","2019-07-17","sixtine:set/variables#variable.richesse-specifique-araignees",6,"B_Fer-RIB-RES-2-PL3","vocabulary:SubPlot","sixtine:set/experiments#resintbio"
"273","sixtine:set/experiments#resintbio/so-Placette/B_Fer-RIB-RES-2-PL3","2019-07-17","sixtine:set/variables#variable.abondance-araignees",22,"B_Fer-RIB-RES-2-PL3","vocabulary:SubPlot","sixtine:set/experiments#resintbio"
"274","sixtine:set/experiments#resintbio/so-Placette/B_Fer-RIB-RES-2-PL3","2019-07-10","sixtine:set/variables#variable.richesse-specifique-araignees",7,"B_Fer-RIB-RES-2-PL3","vocabulary:SubPlot","sixtine:set/experiments#resintbio"
"275","sixtine:set/experiments#resintbio/so-Placette/B_Fer-RIB-RES-2-PL3","2019-08-27","sixtine:set/variables#variable.abondance-araignees",8,"B_Fer-RIB-RES-2-PL3","vocabulary:SubPlot","sixtine:set/experiments#resintbio"
"276","sixtine:set/experiments#resintbio/so-Placette/B_Fer-RIB-RES-2-PL3","2019-08-27","sixtine:set/variables#variable.richesse-specifique-araignees",3,"B_Fer-RIB-RES-2-PL3","vocabulary:SubPlot","sixtine:set/experiments#resintbio"
"277","sixtine:set/experiments#resintbio/so-Placette/B_Fer-RIB-RES-2-PL4","2019-07-17","sixtine:set/variables#variable.abondance-araignees",17,"B_Fer-RIB-RES-2-PL4","vocabulary:SubPlot","sixtine:set/experiments#resintbio"
"278","sixtine:set/experiments#resintbio/so-Placette/B_Fer-RIB-RES-2-PL4","2019-07-10","sixtine:set/variables#variable.abondance-araignees",17,"B_Fer-RIB-RES-2-PL4","vocabulary:SubPlot","sixtine:set/experiments#resintbio"
"279","sixtine:set/experiments#resintbio/so-Placette/B_Fer-RIB-RES-2-PL4","2019-06-17","sixtine:set/variables#variable.abondance-araignees",4,"B_Fer-RIB-RES-2-PL4","vocabulary:SubPlot","sixtine:set/experiments#resintbio"
"280","sixtine:set/experiments#resintbio/so-Placette/B_Fer-RIB-RES-2-PL4","2019-09-24","sixtine:set/variables#variable.abondance-araignees",5,"B_Fer-RIB-RES-2-PL4","vocabulary:SubPlot","sixtine:set/experiments#resintbio"
"281","sixtine:set/experiments#resintbio/so-Placette/B_Fer-RIB-RES-2-PL4","2019-06-19","sixtine:set/variables#variable.abondance-araignees",6,"B_Fer-RIB-RES-2-PL4","vocabulary:SubPlot","sixtine:set/experiments#resintbio"
"282","sixtine:set/experiments#resintbio/so-Placette/B_Fer-RIB-RES-2-PL4","2019-08-27","sixtine:set/variables#variable.richesse-specifique-araignees",2,"B_Fer-RIB-RES-2-PL4","vocabulary:SubPlot","sixtine:set/experiments#resintbio"
"283","sixtine:set/experiments#resintbio/so-Placette/B_Fer-RIB-RES-2-PL4","2019-07-10","sixtine:set/variables#variable.richesse-specifique-araignees",6,"B_Fer-RIB-RES-2-PL4","vocabulary:SubPlot","sixtine:set/experiments#resintbio"
"284","sixtine:set/experiments#resintbio/so-Placette/B_Fer-RIB-RES-2-PL4","2019-08-27","sixtine:set/variables#variable.abondance-araignees",3,"B_Fer-RIB-RES-2-PL4","vocabulary:SubPlot","sixtine:set/experiments#resintbio"
"285","sixtine:set/experiments#resintbio/so-Placette/B_Fer-RIB-RES-2-PL4","2019-09-24","sixtine:set/variables#variable.richesse-specifique-araignees",4,"B_Fer-RIB-RES-2-PL4","vocabulary:SubPlot","sixtine:set/experiments#resintbio"
"286","sixtine:set/experiments#resintbio/so-Placette/B_Fer-RIB-RES-2-PL4","2019-06-19","sixtine:set/variables#variable.richesse-specifique-araignees",5,"B_Fer-RIB-RES-2-PL4","vocabulary:SubPlot","sixtine:set/experiments#resintbio"
"287","sixtine:set/experiments#resintbio/so-Placette/B_Fer-RIB-RES-2-PL4","2019-07-17","sixtine:set/variables#variable.richesse-specifique-araignees",6,"B_Fer-RIB-RES-2-PL4","vocabulary:SubPlot","sixtine:set/experiments#resintbio"
"288","sixtine:set/experiments#resintbio/so-Placette/B_Fer-RIB-RES-2-PL4","2019-06-17","sixtine:set/variables#variable.richesse-specifique-araignees",4,"B_Fer-RIB-RES-2-PL4","vocabulary:SubPlot","sixtine:set/experiments#resintbio"
"289","sixtine:set/experiments#resintbio/so-Placette/B_Fer-RIB-RES-2-PL5","2019-06-17","sixtine:set/variables#variable.abondance-araignees",0,"B_Fer-RIB-RES-2-PL5","vocabulary:SubPlot","sixtine:set/experiments#resintbio"
"290","sixtine:set/experiments#resintbio/so-Placette/B_Fer-RIB-RES-2-PL5","2019-06-17","sixtine:set/variables#variable.richesse-specifique-araignees",0,"B_Fer-RIB-RES-2-PL5","vocabulary:SubPlot","sixtine:set/experiments#resintbio"
"291","sixtine:set/experiments#resintbio/so-Placette/B_Fer-RIB-RES-2-PL5","2019-08-27","sixtine:set/variables#variable.richesse-specifique-araignees",0,"B_Fer-RIB-RES-2-PL5","vocabulary:SubPlot","sixtine:set/experiments#resintbio"
"292","sixtine:set/experiments#resintbio/so-Placette/B_Fer-RIB-RES-2-PL5","2019-07-17","sixtine:set/variables#variable.richesse-specifique-araignees",8,"B_Fer-RIB-RES-2-PL5","vocabulary:SubPlot","sixtine:set/experiments#resintbio"
"293","sixtine:set/experiments#resintbio/so-Placette/B_Fer-RIB-RES-2-PL5","2019-09-24","sixtine:set/variables#variable.richesse-specifique-araignees",4,"B_Fer-RIB-RES-2-PL5","vocabulary:SubPlot","sixtine:set/experiments#resintbio"
"294","sixtine:set/experiments#resintbio/so-Placette/B_Fer-RIB-RES-2-PL5","2019-06-19","sixtine:set/variables#variable.abondance-araignees",4,"B_Fer-RIB-RES-2-PL5","vocabulary:SubPlot","sixtine:set/experiments#resintbio"
"295","sixtine:set/experiments#resintbio/so-Placette/B_Fer-RIB-RES-2-PL5","2019-07-10","sixtine:set/variables#variable.abondance-araignees",2,"B_Fer-RIB-RES-2-PL5","vocabulary:SubPlot","sixtine:set/experiments#resintbio"
"296","sixtine:set/experiments#resintbio/so-Placette/B_Fer-RIB-RES-2-PL5","2019-09-24","sixtine:set/variables#variable.abondance-araignees",7,"B_Fer-RIB-RES-2-PL5","vocabulary:SubPlot","sixtine:set/experiments#resintbio"
"297","sixtine:set/experiments#resintbio/so-Placette/B_Fer-RIB-RES-2-PL5","2019-06-19","sixtine:set/variables#variable.richesse-specifique-araignees",4,"B_Fer-RIB-RES-2-PL5","vocabulary:SubPlot","sixtine:set/experiments#resintbio"
"298","sixtine:set/experiments#resintbio/so-Placette/B_Fer-RIB-RES-2-PL5","2019-07-10","sixtine:set/variables#variable.richesse-specifique-araignees",2,"B_Fer-RIB-RES-2-PL5","vocabulary:SubPlot","sixtine:set/experiments#resintbio"
"299","sixtine:set/experiments#resintbio/so-Placette/B_Fer-RIB-RES-2-PL5","2019-07-17","sixtine:set/variables#variable.abondance-araignees",38,"B_Fer-RIB-RES-2-PL5","vocabulary:SubPlot","sixtine:set/experiments#resintbio"
"300","sixtine:set/experiments#resintbio/so-Placette/B_Fer-RIB-RES-2-PL5","2019-08-27","sixtine:set/variables#variable.abondance-araignees",0,"B_Fer-RIB-RES-2-PL5","vocabulary:SubPlot","sixtine:set/experiments#resintbio"
"301","sixtine:set/experiments#resintbio/so-Placette/B_Fer-RIB-RES-3-PL1","2019-06-19","sixtine:set/variables#variable.abondance-araignees",9,"B_Fer-RIB-RES-3-PL1","vocabulary:SubPlot","sixtine:set/experiments#resintbio"
"302","sixtine:set/experiments#resintbio/so-Placette/B_Fer-RIB-RES-3-PL1","2019-09-24","sixtine:set/variables#variable.abondance-araignees",7,"B_Fer-RIB-RES-3-PL1","vocabulary:SubPlot","sixtine:set/experiments#resintbio"
"303","sixtine:set/experiments#resintbio/so-Placette/B_Fer-RIB-RES-3-PL1","2019-07-17","sixtine:set/variables#variable.abondance-araignees",34,"B_Fer-RIB-RES-3-PL1","vocabulary:SubPlot","sixtine:set/experiments#resintbio"
"304","sixtine:set/experiments#resintbio/so-Placette/B_Fer-RIB-RES-3-PL1","2019-07-10","sixtine:set/variables#variable.abondance-araignees",20,"B_Fer-RIB-RES-3-PL1","vocabulary:SubPlot","sixtine:set/experiments#resintbio"
"305","sixtine:set/experiments#resintbio/so-Placette/B_Fer-RIB-RES-3-PL1","2019-08-27","sixtine:set/variables#variable.abondance-araignees",5,"B_Fer-RIB-RES-3-PL1","vocabulary:SubPlot","sixtine:set/experiments#resintbio"
"306","sixtine:set/experiments#resintbio/so-Placette/B_Fer-RIB-RES-3-PL1","2019-08-27","sixtine:set/variables#variable.richesse-specifique-araignees",1,"B_Fer-RIB-RES-3-PL1","vocabulary:SubPlot","sixtine:set/experiments#resintbio"
"307","sixtine:set/experiments#resintbio/so-Placette/B_Fer-RIB-RES-3-PL1","2019-07-10","sixtine:set/variables#variable.richesse-specifique-araignees",7,"B_Fer-RIB-RES-3-PL1","vocabulary:SubPlot","sixtine:set/experiments#resintbio"
"308","sixtine:set/experiments#resintbio/so-Placette/B_Fer-RIB-RES-3-PL1","2019-06-19","sixtine:set/variables#variable.richesse-specifique-araignees",4,"B_Fer-RIB-RES-3-PL1","vocabulary:SubPlot","sixtine:set/experiments#resintbio"
"309","sixtine:set/experiments#resintbio/so-Placette/B_Fer-RIB-RES-3-PL1","2019-07-17","sixtine:set/variables#variable.richesse-specifique-araignees",6,"B_Fer-RIB-RES-3-PL1","vocabulary:SubPlot","sixtine:set/experiments#resintbio"
"310","sixtine:set/experiments#resintbio/so-Placette/B_Fer-RIB-RES-3-PL1","2019-06-17","sixtine:set/variables#variable.abondance-araignees",2,"B_Fer-RIB-RES-3-PL1","vocabulary:SubPlot","sixtine:set/experiments#resintbio"
"311","sixtine:set/experiments#resintbio/so-Placette/B_Fer-RIB-RES-3-PL1","2019-09-24","sixtine:set/variables#variable.richesse-specifique-araignees",3,"B_Fer-RIB-RES-3-PL1","vocabulary:SubPlot","sixtine:set/experiments#resintbio"
"312","sixtine:set/experiments#resintbio/so-Placette/B_Fer-RIB-RES-3-PL1","2019-06-17","sixtine:set/variables#variable.richesse-specifique-araignees",2,"B_Fer-RIB-RES-3-PL1","vocabulary:SubPlot","sixtine:set/experiments#resintbio"
"313","sixtine:set/experiments#resintbio/so-Placette/B_Fer-RIB-RES-3-PL2","2019-06-19","sixtine:set/variables#variable.richesse-specifique-araignees",3,"B_Fer-RIB-RES-3-PL2","vocabulary:SubPlot","sixtine:set/experiments#resintbio"
"314","sixtine:set/experiments#resintbio/so-Placette/B_Fer-RIB-RES-3-PL2","2019-07-10","sixtine:set/variables#variable.abondance-araignees",14,"B_Fer-RIB-RES-3-PL2","vocabulary:SubPlot","sixtine:set/experiments#resintbio"
"315","sixtine:set/experiments#resintbio/so-Placette/B_Fer-RIB-RES-3-PL2","2019-06-17","sixtine:set/variables#variable.abondance-araignees",4,"B_Fer-RIB-RES-3-PL2","vocabulary:SubPlot","sixtine:set/experiments#resintbio"
"316","sixtine:set/experiments#resintbio/so-Placette/B_Fer-RIB-RES-3-PL2","2019-07-17","sixtine:set/variables#variable.abondance-araignees",6,"B_Fer-RIB-RES-3-PL2","vocabulary:SubPlot","sixtine:set/experiments#resintbio"
"317","sixtine:set/experiments#resintbio/so-Placette/B_Fer-RIB-RES-3-PL2","2019-08-27","sixtine:set/variables#variable.abondance-araignees",2,"B_Fer-RIB-RES-3-PL2","vocabulary:SubPlot","sixtine:set/experiments#resintbio"
"318","sixtine:set/experiments#resintbio/so-Placette/B_Fer-RIB-RES-3-PL2","2019-09-24","sixtine:set/variables#variable.abondance-araignees",5,"B_Fer-RIB-RES-3-PL2","vocabulary:SubPlot","sixtine:set/experiments#resintbio"
"319","sixtine:set/experiments#resintbio/so-Placette/B_Fer-RIB-RES-3-PL2","2019-07-10","sixtine:set/variables#variable.richesse-specifique-araignees",6,"B_Fer-RIB-RES-3-PL2","vocabulary:SubPlot","sixtine:set/experiments#resintbio"
"320","sixtine:set/experiments#resintbio/so-Placette/B_Fer-RIB-RES-3-PL2","2019-06-19","sixtine:set/variables#variable.abondance-araignees",6,"B_Fer-RIB-RES-3-PL2","vocabulary:SubPlot","sixtine:set/experiments#resintbio"
"321","sixtine:set/experiments#resintbio/so-Placette/B_Fer-RIB-RES-3-PL2","2019-08-27","sixtine:set/variables#variable.richesse-specifique-araignees",2,"B_Fer-RIB-RES-3-PL2","vocabulary:SubPlot","sixtine:set/experiments#resintbio"
"322","sixtine:set/experiments#resintbio/so-Placette/B_Fer-RIB-RES-3-PL2","2019-06-17","sixtine:set/variables#variable.richesse-specifique-araignees",3,"B_Fer-RIB-RES-3-PL2","vocabulary:SubPlot","sixtine:set/experiments#resintbio"
"323","sixtine:set/experiments#resintbio/so-Placette/B_Fer-RIB-RES-3-PL2","2019-07-17","sixtine:set/variables#variable.richesse-specifique-araignees",2,"B_Fer-RIB-RES-3-PL2","vocabulary:SubPlot","sixtine:set/experiments#resintbio"
"324","sixtine:set/experiments#resintbio/so-Placette/B_Fer-RIB-RES-3-PL2","2019-09-24","sixtine:set/variables#variable.richesse-specifique-araignees",3,"B_Fer-RIB-RES-3-PL2","vocabulary:SubPlot","sixtine:set/experiments#resintbio"
"325","sixtine:set/experiments#resintbio/so-Placette/B_Fer-RIB-RES-3-PL3","2019-09-24","sixtine:set/variables#variable.richesse-specifique-araignees",3,"B_Fer-RIB-RES-3-PL3","vocabulary:SubPlot","sixtine:set/experiments#resintbio"
"326","sixtine:set/experiments#resintbio/so-Placette/B_Fer-RIB-RES-3-PL3","2019-06-19","sixtine:set/variables#variable.abondance-araignees",10,"B_Fer-RIB-RES-3-PL3","vocabulary:SubPlot","sixtine:set/experiments#resintbio"
"327","sixtine:set/experiments#resintbio/so-Placette/B_Fer-RIB-RES-3-PL3","2019-07-10","sixtine:set/variables#variable.richesse-specifique-araignees",4,"B_Fer-RIB-RES-3-PL3","vocabulary:SubPlot","sixtine:set/experiments#resintbio"
"328","sixtine:set/experiments#resintbio/so-Placette/B_Fer-RIB-RES-3-PL3","2019-09-24","sixtine:set/variables#variable.abondance-araignees",3,"B_Fer-RIB-RES-3-PL3","vocabulary:SubPlot","sixtine:set/experiments#resintbio"
"329","sixtine:set/experiments#resintbio/so-Placette/B_Fer-RIB-RES-3-PL3","2019-07-17","sixtine:set/variables#variable.richesse-specifique-araignees",9,"B_Fer-RIB-RES-3-PL3","vocabulary:SubPlot","sixtine:set/experiments#resintbio"
"330","sixtine:set/experiments#resintbio/so-Placette/B_Fer-RIB-RES-3-PL3","2019-06-17","sixtine:set/variables#variable.abondance-araignees",5,"B_Fer-RIB-RES-3-PL3","vocabulary:SubPlot","sixtine:set/experiments#resintbio"
"331","sixtine:set/experiments#resintbio/so-Placette/B_Fer-RIB-RES-3-PL3","2019-07-10","sixtine:set/variables#variable.abondance-araignees",14,"B_Fer-RIB-RES-3-PL3","vocabulary:SubPlot","sixtine:set/experiments#resintbio"
"332","sixtine:set/experiments#resintbio/so-Placette/B_Fer-RIB-RES-3-PL3","2019-08-27","sixtine:set/variables#variable.abondance-araignees",5,"B_Fer-RIB-RES-3-PL3","vocabulary:SubPlot","sixtine:set/experiments#resintbio"
"333","sixtine:set/experiments#resintbio/so-Placette/B_Fer-RIB-RES-3-PL3","2019-07-17","sixtine:set/variables#variable.abondance-araignees",23,"B_Fer-RIB-RES-3-PL3","vocabulary:SubPlot","sixtine:set/experiments#resintbio"
"334","sixtine:set/experiments#resintbio/so-Placette/B_Fer-RIB-RES-3-PL3","2019-06-19","sixtine:set/variables#variable.richesse-specifique-araignees",6,"B_Fer-RIB-RES-3-PL3","vocabulary:SubPlot","sixtine:set/experiments#resintbio"
"335","sixtine:set/experiments#resintbio/so-Placette/B_Fer-RIB-RES-3-PL3","2019-06-17","sixtine:set/variables#variable.richesse-specifique-araignees",2,"B_Fer-RIB-RES-3-PL3","vocabulary:SubPlot","sixtine:set/experiments#resintbio"
"336","sixtine:set/experiments#resintbio/so-Placette/B_Fer-RIB-RES-3-PL3","2019-08-27","sixtine:set/variables#variable.richesse-specifique-araignees",3,"B_Fer-RIB-RES-3-PL3","vocabulary:SubPlot","sixtine:set/experiments#resintbio"
"337","sixtine:set/experiments#resintbio/so-Placette/B_Fer-RIB-RES-3-PL4","2019-06-19","sixtine:set/variables#variable.abondance-araignees",4,"B_Fer-RIB-RES-3-PL4","vocabulary:SubPlot","sixtine:set/experiments#resintbio"
"338","sixtine:set/experiments#resintbio/so-Placette/B_Fer-RIB-RES-3-PL4","2019-08-27","sixtine:set/variables#variable.abondance-araignees",2,"B_Fer-RIB-RES-3-PL4","vocabulary:SubPlot","sixtine:set/experiments#resintbio"
"339","sixtine:set/experiments#resintbio/so-Placette/B_Fer-RIB-RES-3-PL4","2019-07-17","sixtine:set/variables#variable.abondance-araignees",6,"B_Fer-RIB-RES-3-PL4","vocabulary:SubPlot","sixtine:set/experiments#resintbio"
"340","sixtine:set/experiments#resintbio/so-Placette/B_Fer-RIB-RES-3-PL4","2019-06-19","sixtine:set/variables#variable.richesse-specifique-araignees",4,"B_Fer-RIB-RES-3-PL4","vocabulary:SubPlot","sixtine:set/experiments#resintbio"
"341","sixtine:set/experiments#resintbio/so-Placette/B_Fer-RIB-RES-3-PL4","2019-09-24","sixtine:set/variables#variable.richesse-specifique-araignees",4,"B_Fer-RIB-RES-3-PL4","vocabulary:SubPlot","sixtine:set/experiments#resintbio"
"342","sixtine:set/experiments#resintbio/so-Placette/B_Fer-RIB-RES-3-PL4","2019-07-17","sixtine:set/variables#variable.richesse-specifique-araignees",5,"B_Fer-RIB-RES-3-PL4","vocabulary:SubPlot","sixtine:set/experiments#resintbio"
"343","sixtine:set/experiments#resintbio/so-Placette/B_Fer-RIB-RES-3-PL4","2019-08-27","sixtine:set/variables#variable.richesse-specifique-araignees",2,"B_Fer-RIB-RES-3-PL4","vocabulary:SubPlot","sixtine:set/experiments#resintbio"
"344","sixtine:set/experiments#resintbio/so-Placette/B_Fer-RIB-RES-3-PL4","2019-09-24","sixtine:set/variables#variable.abondance-araignees",7,"B_Fer-RIB-RES-3-PL4","vocabulary:SubPlot","sixtine:set/experiments#resintbio"
"345","sixtine:set/experiments#resintbio/so-Placette/B_Fer-RIB-RES-3-PL4","2019-07-10","sixtine:set/variables#variable.richesse-specifique-araignees",5,"B_Fer-RIB-RES-3-PL4","vocabulary:SubPlot","sixtine:set/experiments#resintbio"
"346","sixtine:set/experiments#resintbio/so-Placette/B_Fer-RIB-RES-3-PL4","2019-06-17","sixtine:set/variables#variable.richesse-specifique-araignees",3,"B_Fer-RIB-RES-3-PL4","vocabulary:SubPlot","sixtine:set/experiments#resintbio"
"347","sixtine:set/experiments#resintbio/so-Placette/B_Fer-RIB-RES-3-PL4","2019-06-17","sixtine:set/variables#variable.abondance-araignees",3,"B_Fer-RIB-RES-3-PL4","vocabulary:SubPlot","sixtine:set/experiments#resintbio"
"348","sixtine:set/experiments#resintbio/so-Placette/B_Fer-RIB-RES-3-PL4","2019-07-10","sixtine:set/variables#variable.abondance-araignees",9,"B_Fer-RIB-RES-3-PL4","vocabulary:SubPlot","sixtine:set/experiments#resintbio"
"349","sixtine:set/experiments#resintbio/so-Placette/B_Fer-RIB-RES-3-PL5","2019-07-10","sixtine:set/variables#variable.richesse-specifique-araignees",3,"B_Fer-RIB-RES-3-PL5","vocabulary:SubPlot","sixtine:set/experiments#resintbio"
"350","sixtine:set/experiments#resintbio/so-Placette/B_Fer-RIB-RES-3-PL5","2019-06-17","sixtine:set/variables#variable.richesse-specifique-araignees",5,"B_Fer-RIB-RES-3-PL5","vocabulary:SubPlot","sixtine:set/experiments#resintbio"
"351","sixtine:set/experiments#resintbio/so-Placette/B_Fer-RIB-RES-3-PL5","2019-06-19","sixtine:set/variables#variable.abondance-araignees",6,"B_Fer-RIB-RES-3-PL5","vocabulary:SubPlot","sixtine:set/experiments#resintbio"
"352","sixtine:set/experiments#resintbio/so-Placette/B_Fer-RIB-RES-3-PL5","2019-07-17","sixtine:set/variables#variable.richesse-specifique-araignees",8,"B_Fer-RIB-RES-3-PL5","vocabulary:SubPlot","sixtine:set/experiments#resintbio"
"353","sixtine:set/experiments#resintbio/so-Placette/B_Fer-RIB-RES-3-PL5","2019-08-27","sixtine:set/variables#variable.richesse-specifique-araignees",2,"B_Fer-RIB-RES-3-PL5","vocabulary:SubPlot","sixtine:set/experiments#resintbio"
"354","sixtine:set/experiments#resintbio/so-Placette/B_Fer-RIB-RES-3-PL5","2019-09-24","sixtine:set/variables#variable.richesse-specifique-araignees",0,"B_Fer-RIB-RES-3-PL5","vocabulary:SubPlot","sixtine:set/experiments#resintbio"
"355","sixtine:set/experiments#resintbio/so-Placette/B_Fer-RIB-RES-3-PL5","2019-07-17","sixtine:set/variables#variable.abondance-araignees",30,"B_Fer-RIB-RES-3-PL5","vocabulary:SubPlot","sixtine:set/experiments#resintbio"
"356","sixtine:set/experiments#resintbio/so-Placette/B_Fer-RIB-RES-3-PL5","2019-06-17","sixtine:set/variables#variable.abondance-araignees",5,"B_Fer-RIB-RES-3-PL5","vocabulary:SubPlot","sixtine:set/experiments#resintbio"
"357","sixtine:set/experiments#resintbio/so-Placette/B_Fer-RIB-RES-3-PL5","2019-07-10","sixtine:set/variables#variable.abondance-araignees",5,"B_Fer-RIB-RES-3-PL5","vocabulary:SubPlot","sixtine:set/experiments#resintbio"
"358","sixtine:set/experiments#resintbio/so-Placette/B_Fer-RIB-RES-3-PL5","2019-08-27","sixtine:set/variables#variable.abondance-araignees",5,"B_Fer-RIB-RES-3-PL5","vocabulary:SubPlot","sixtine:set/experiments#resintbio"
"359","sixtine:set/experiments#resintbio/so-Placette/B_Fer-RIB-RES-3-PL5","2019-06-19","sixtine:set/variables#variable.richesse-specifique-araignees",6,"B_Fer-RIB-RES-3-PL5","vocabulary:SubPlot","sixtine:set/experiments#resintbio"
"360","sixtine:set/experiments#resintbio/so-Placette/B_Fer-RIB-RES-3-PL5","2019-09-24","sixtine:set/variables#variable.abondance-araignees",0,"B_Fer-RIB-RES-3-PL5","vocabulary:SubPlot","sixtine:set/experiments#resintbio"
